Zeit,Kanal A,Kanal B
(ms),(V),(A)

-0.03767000,-8.22473800,-1.43803200
-0.01719000,-8.22473800,-1.43803200
0.00329000,-3.75377700,-1.43803200
0.02377000,0.73244420,-1.43803200
0.04425000,0.73244420,-1.43803200
0.06473000,0.73244420,-1.34830800
0.08521000,5.21866500,-1.34830800
0.10569000,9.68962700,-1.34830800
0.12617000,9.68962700,-1.34830800
0.14665000,9.68962700,-1.25827800
0.16713000,9.68962700,-1.25827800
0.18761000,14.17585000,-1.25827800
0.20809000,18.64681000,-1.16824900
0.22857000,18.64681000,-1.16824900
0.24905000,18.64681000,-1.07852400
0.26953000,23.11777000,-1.07852400
0.29001000,23.11777000,-1.07852400
0.31049000,27.60399000,-1.07852400
0.33097000,27.60399000,-1.07852400
0.35145000,27.60399000,-0.98849450
0.37193000,36.56117000,-0.98849450
0.39241000,36.56117000,-0.98849450
0.41289000,41.04739000,-0.89846490
0.43337000,41.04739000,-0.89846490
0.45385000,45.51836000,-0.89846490
0.47433000,45.51836000,-0.80874050
0.49481000,45.51836000,-0.80874050
0.51529000,45.51836000,-0.80874050
0.53577000,50.00458000,-0.71871090
0.55625000,54.47554000,-0.71871090
0.57673000,54.47554000,-0.71871090
0.59721000,54.47554000,-0.71871090
0.61769000,58.96176000,-0.62868130
0.63816999,58.96176000,-0.53895690
0.65864999,63.44798000,-0.53895690
0.67912999,63.44798000,-0.53895690
0.69960999,63.44798000,-0.44892730
0.72008999,67.91895000,-0.44892730
0.74056999,67.91895000,-0.35889770
0.76104999,72.40517000,-0.35889770
0.78152999,72.40517000,-0.35889770
0.80200999,76.87613000,-0.35889770
0.82248999,76.87613000,-0.26917330
0.84296999,81.36235000,-0.17914370
0.86344999,81.36235000,-0.26917330
0.88392999,81.36235000,-0.17914370
0.90440999,81.36235000,-0.17914370
0.92488999,81.36235000,-0.08941923
0.94536999,90.31953000,-0.08941923
0.96584999,90.31953000,0.00030519
0.98632999,90.31953000,0.00030519
1.00680999,90.31953000,0.00030519
1.02728999,94.80575000,0.00030519
1.04776999,99.27671000,0.00030519
1.06824999,99.27671000,0.09033479
1.08872999,99.27671000,0.09033479
1.10920999,99.27671000,0.18005920
1.12968999,103.76290000,0.18005920
1.15016999,108.24920000,0.18005920
1.17064999,108.24920000,0.36011840
1.19112999,108.24920000,0.36011840
1.21160999,108.24920000,0.36011840
1.23208999,112.72010000,0.36011840
1.25256999,112.72010000,0.36011840
1.27304999,112.72010000,0.44984280
1.29352999,117.20630000,0.44984280
1.31400999,117.20630000,0.53987240
1.33448999,117.20630000,0.53987240
1.35496999,121.69260000,0.53987240
1.37544999,121.69260000,0.53987240
1.39592999,126.16350000,0.62990200
1.41640999,126.16350000,0.62990200
1.43688999,126.16350000,0.71962650
1.45736999,130.64970000,0.71962650
1.47784999,130.64970000,0.71962650
1.49832999,135.12070000,0.71962650
1.51880999,135.12070000,0.80965610
1.53928999,135.12070000,0.80965610
1.55976999,135.12070000,0.89968560
1.58024999,139.60690000,0.89968560
1.60072999,144.09310000,0.89968560
1.62120999,144.09310000,0.98941000
1.64168999,144.09310000,0.98941000
1.66216999,148.56410000,0.98941000
1.68264999,148.56410000,1.07944000
1.70312999,153.05030000,1.07944000
1.72360999,153.05030000,1.07944000
1.74408999,153.05030000,1.07944000
1.76456999,157.52130000,1.16946900
1.78504999,157.52130000,1.16946900
1.80552999,162.00750000,1.25919400
1.82600999,162.00750000,1.25919400
1.84648999,166.49370000,1.25919400
1.86696999,162.00750000,1.25919400
1.88744999,166.49370000,1.34922300
1.90792999,170.96470000,1.34922300
1.92840999,170.96470000,1.43925300
1.94888999,170.96470000,1.43925300
1.96936999,170.96470000,1.43925300
1.98984999,175.45090000,1.43925300
2.01032999,179.92190000,1.52897700
2.03080999,179.92190000,1.52897700
2.05128999,179.92190000,1.52897700
2.07176999,184.40810000,1.61900700
2.09224999,188.89430000,1.61900700
2.11272999,184.40810000,1.70903700
2.13320999,188.89430000,1.70903700
2.15368999,188.89430000,1.70903700
2.17416999,193.36530000,1.79876100
2.19464999,193.36530000,1.79876100
2.21512999,197.85150000,1.79876100
2.23560999,197.85150000,1.79876100
2.25608999,197.85150000,1.79876100
2.27656999,197.85150000,1.79876100
2.29704998,202.32250000,1.88879100
2.31752998,206.80870000,1.97882000
2.33800998,206.80870000,1.88879100
2.35848998,206.80870000,1.97882000
2.37896998,206.80870000,1.97882000
2.39944998,211.29490000,2.06854500
2.41992998,211.29490000,2.06854500
2.44040998,215.76590000,2.15857400
2.46088998,215.76590000,2.06854500
2.48136998,215.76590000,2.15857400
2.50184998,220.25210000,2.15857400
2.52232998,220.25210000,2.15857400
2.54280998,224.73830000,2.15857400
2.56328998,224.73830000,2.24860400
2.58376998,224.73830000,2.24860400
2.60424998,224.73830000,2.33832800
2.62472998,229.20930000,2.33832800
2.64520998,233.69550000,2.42835800
2.66568998,233.69550000,2.42835800
2.68616998,233.69550000,2.42835800
2.70664998,233.69550000,2.51838700
2.72712998,233.69550000,2.51838700
2.74760998,238.16650000,2.51838700
2.76808998,238.16650000,2.51838700
2.78856998,242.65270000,2.51838700
2.80904998,242.65270000,2.51838700
2.82952998,242.65270000,2.60811200
2.85000998,242.65270000,2.60811200
2.87048998,247.13890000,2.60811200
2.89096998,247.13890000,2.69814100
2.91144998,251.60980000,2.69814100
2.93192998,251.60980000,2.69814100
2.95240998,251.60980000,2.78817100
2.97288998,256.09610000,2.78817100
2.99336998,256.09610000,2.87789600
3.01384998,256.09610000,2.78817100
3.03432998,260.56700000,2.87789600
3.05480998,260.56700000,2.87789600
3.07528998,260.56700000,2.87789600
3.09576998,260.56700000,2.96792500
3.11624998,265.05330000,2.96792500
3.13672998,265.05330000,2.96792500
3.15720998,269.53950000,2.96792500
3.17768998,269.53950000,2.96792500
3.19816998,269.53950000,3.05764900
3.21864998,269.53950000,3.05764900
3.23912998,269.53950000,3.05764900
3.25960998,274.01040000,3.14767900
3.28008998,274.01040000,3.14767900
3.30056998,274.01040000,3.14767900
3.32104998,278.49660000,3.23770900
3.34152998,278.49660000,3.23770900
3.36200998,278.49660000,3.23770900
3.38248998,278.49660000,3.23770900
3.40296998,278.49660000,3.23770900
3.42344998,282.96760000,3.23770900
3.44392998,282.96760000,3.32743300
3.46440998,287.45390000,3.32743300
3.48488998,287.45390000,3.32743300
3.50536998,287.45390000,3.32743300
3.52584998,287.45390000,3.41746300
3.54632998,287.45390000,3.41746300
3.56680998,287.45390000,3.50749200
3.58728998,291.94010000,3.50749200
3.60776998,287.45390000,3.50749200
3.62824998,291.94010000,3.50749200
3.64872998,291.94010000,3.50749200
3.66920998,291.94010000,3.50749200
3.68968998,291.94010000,3.50749200
3.71016998,296.41100000,3.59721700
3.73064998,296.41100000,3.59721700
3.75112998,296.41100000,3.59721700
3.77160998,296.41100000,3.59721700
3.79208998,296.41100000,3.59721700
3.81256998,296.41100000,3.59721700
3.83304998,296.41100000,3.59721700
3.85352998,296.41100000,3.68724600
3.87400998,296.41100000,3.68724600
3.89448998,296.41100000,3.59721700
3.91496998,296.41100000,3.68724600
3.93544997,296.41100000,3.68724600
3.95592997,300.89720000,3.68724600
3.97640997,300.89720000,3.68724600
3.99688997,296.41100000,3.77727600
4.01736997,300.89720000,3.77727600
4.03784997,300.89720000,3.86700000
4.05832997,305.38350000,3.95703000
4.07880997,305.38350000,4.13678400
4.09928997,300.89720000,4.31684300
4.11976997,305.38350000,4.49659700
4.14024997,305.38350000,4.67635100
4.16072997,305.38350000,4.85641100
4.18120997,305.38350000,5.03616400
4.20168997,305.38350000,5.30594800
4.22216997,305.38350000,5.39597700
4.24264997,305.38350000,5.57573100
4.26312997,305.38350000,5.75548600
4.28360997,305.38350000,5.84551500
4.30408997,305.38350000,5.84551500
4.32456997,305.38350000,5.93524000
4.34504997,305.38350000,5.93524000
4.36552997,305.38350000,6.02526900
4.38600997,309.85440000,6.02526900
4.40648997,305.38350000,6.11529900
4.42696997,305.38350000,6.11529900
4.44744997,309.85440000,6.11529900
4.46792997,309.85440000,6.11529900
4.48840997,305.38350000,6.11529900
4.50888997,305.38350000,6.02526900
4.52936997,309.85440000,5.93524000
4.54984997,309.85440000,5.93524000
4.57032997,309.85440000,5.84551500
4.59080997,309.85440000,5.84551500
4.61128997,305.38350000,5.75548600
4.63176997,309.85440000,5.75548600
4.65224997,309.85440000,5.66576100
4.67272997,309.85440000,5.66576100
4.69320997,309.85440000,5.57573100
4.71368997,309.85440000,5.57573100
4.73416997,309.85440000,5.57573100
4.75464997,309.85440000,5.48570200
4.77512997,309.85440000,5.48570200
4.79560997,314.34060000,5.48570200
4.81608997,309.85440000,5.39597700
4.83656997,309.85440000,5.39597700
4.85704997,309.85440000,5.39597700
4.87752997,309.85440000,5.39597700
4.89800997,309.85440000,5.39597700
4.91848997,314.34060000,5.39597700
4.93896997,309.85440000,5.39597700
4.95944997,314.34060000,5.30594800
4.97992997,309.85440000,5.39597700
5.00040997,314.34060000,5.30594800
5.02088997,309.85440000,5.30594800
5.04136997,309.85440000,5.30594800
5.06184997,309.85440000,5.30594800
5.08232997,314.34060000,5.30594800
5.10280997,314.34060000,5.21591900
5.12328997,314.34060000,5.21591900
5.14376997,309.85440000,5.12619400
5.16424997,314.34060000,5.21591900
5.18472997,314.34060000,5.21591900
5.20520997,309.85440000,5.12619400
5.22568997,314.34060000,5.12619400
5.24616997,314.34060000,5.12619400
5.26664997,314.34060000,5.03616400
5.28712997,314.34060000,5.03616400
5.30760997,314.34060000,5.03616400
5.32808997,314.34060000,4.94613500
5.34856997,314.34060000,4.94613500
5.36904997,314.34060000,4.94613500
5.38952997,314.34060000,4.85641100
5.41000997,314.34060000,4.85641100
5.43048997,314.34060000,4.85641100
5.45096997,314.34060000,4.76638100
5.47144997,314.34060000,4.76638100
5.49192997,314.34060000,4.76638100
5.51240997,314.34060000,4.67635100
5.53288997,314.34060000,4.67635100
5.55336997,314.34060000,4.58662700
5.57384997,314.34060000,4.58662700
5.59432996,314.34060000,4.49659700
5.61480996,314.34060000,4.58662700
5.63528996,309.85440000,4.49659700
5.65576996,314.34060000,4.49659700
5.67624996,314.34060000,4.49659700
5.69672996,314.34060000,4.40656800
5.71720996,314.34060000,4.40656800
5.73768996,309.85440000,4.40656800
5.75816996,309.85440000,4.31684300
5.77864996,309.85440000,4.31684300
5.79912996,314.34060000,4.31684300
5.81960996,309.85440000,4.31684300
5.84008996,314.34060000,4.31684300
5.86056996,314.34060000,4.31684300
5.88104996,309.85440000,4.31684300
5.90152996,309.85440000,4.31684300
5.92200996,309.85440000,4.31684300
5.94248996,309.85440000,4.31684300
5.96296996,309.85440000,4.31684300
5.98344996,309.85440000,4.31684300
6.00392996,309.85440000,4.31684300
6.02440996,309.85440000,4.22681400
6.04488996,309.85440000,4.31684300
6.06536996,309.85440000,4.31684300
6.08584996,309.85440000,4.31684300
6.10632996,305.38350000,4.31684300
6.12680996,305.38350000,4.31684300
6.14728996,305.38350000,4.31684300
6.16776996,305.38350000,4.31684300
6.18824996,305.38350000,4.31684300
6.20872996,305.38350000,4.31684300
6.22920996,305.38350000,4.31684300
6.24968996,305.38350000,4.31684300
6.27016996,305.38350000,4.31684300
6.29064996,305.38350000,4.31684300
6.31112996,305.38350000,4.22681400
6.33160996,300.89720000,4.31684300
6.35208996,296.41100000,4.31684300
6.37256996,296.41100000,4.31684300
6.39304996,296.41100000,4.31684300
6.41352996,296.41100000,4.31684300
6.43400996,296.41100000,4.22681400
6.45448996,296.41100000,4.22681400
6.47496996,296.41100000,4.22681400
6.49544996,291.94010000,4.22681400
6.51592996,287.45390000,4.22681400
6.53640996,287.45390000,4.22681400
6.55688996,287.45390000,4.22681400
6.57736996,287.45390000,4.13678400
6.59784996,282.96760000,4.13678400
6.61832996,282.96760000,4.13678400
6.63880996,278.49660000,4.13678400
6.65928996,278.49660000,4.13678400
6.67976996,278.49660000,4.04706000
6.70024996,274.01040000,4.04706000
6.72072996,274.01040000,4.04706000
6.74120996,274.01040000,4.04706000
6.76168996,269.53950000,4.04706000
6.78216996,269.53950000,3.95703000
6.80264996,269.53950000,3.95703000
6.82312996,269.53950000,4.04706000
6.84360996,265.05330000,3.95703000
6.86408996,260.56700000,3.95703000
6.88456996,260.56700000,3.95703000
6.90504996,260.56700000,3.95703000
6.92552996,260.56700000,3.86700000
6.94600996,260.56700000,3.86700000
6.96648996,260.56700000,3.86700000
6.98696996,256.09610000,3.86700000
7.00744996,256.09610000,3.77727600
7.02792996,256.09610000,3.77727600
7.04840996,251.60980000,3.86700000
7.06888996,251.60980000,3.86700000
7.08936996,251.60980000,3.86700000
7.10984996,251.60980000,3.77727600
7.13032996,251.60980000,3.77727600
7.15080996,247.13890000,3.68724600
7.17128996,247.13890000,3.68724600
7.19176996,242.65270000,3.68724600
7.21224996,242.65270000,3.68724600
7.23272995,242.65270000,3.68724600
7.25320995,242.65270000,3.68724600
7.27368995,238.16650000,3.59721700
7.29416995,238.16650000,3.59721700
7.31464995,238.16650000,3.59721700
7.33512995,238.16650000,3.68724600
7.35560995,233.69550000,3.59721700
7.37608995,233.69550000,3.59721700
7.39656995,233.69550000,3.50749200
7.41704995,233.69550000,3.50749200
7.43752995,233.69550000,3.50749200
7.45800995,229.20930000,3.50749200
7.47848995,229.20930000,3.50749200
7.49896995,224.73830000,3.41746300
7.51944995,224.73830000,3.41746300
7.53992995,224.73830000,3.41746300
7.56040995,224.73830000,3.41746300
7.58088995,220.25210000,3.41746300
7.60136995,220.25210000,3.41746300
7.62184995,215.76590000,3.32743300
7.64232995,215.76590000,3.32743300
7.66280995,215.76590000,3.32743300
7.68328995,215.76590000,3.32743300
7.70376995,215.76590000,3.32743300
7.72424995,211.29490000,3.23770900
7.74472995,206.80870000,3.23770900
7.76520995,206.80870000,3.23770900
7.78568995,206.80870000,3.23770900
7.80616995,206.80870000,3.23770900
7.82664995,202.32250000,3.23770900
7.84712995,197.85150000,3.23770900
7.86760995,197.85150000,3.14767900
7.88808995,197.85150000,3.14767900
7.90856995,197.85150000,3.05764900
7.92904995,197.85150000,3.05764900
7.94952995,197.85150000,3.05764900
7.97000995,188.89430000,2.96792500
7.99048995,188.89430000,2.96792500
8.01096995,188.89430000,2.96792500
8.03144995,188.89430000,2.96792500
8.05192995,184.40810000,2.96792500
8.07240995,179.92190000,2.87789600
8.09288995,179.92190000,2.87789600
8.11336995,179.92190000,2.87789600
8.13384995,179.92190000,2.87789600
8.15432995,175.45090000,2.87789600
8.17480995,170.96470000,2.78817100
8.19528995,170.96470000,2.78817100
8.21576995,170.96470000,2.78817100
8.23624995,166.49370000,2.78817100
8.25672995,170.96470000,2.78817100
8.27720995,166.49370000,2.78817100
8.29768995,162.00750000,2.78817100
8.31816995,162.00750000,2.69814100
8.33864995,162.00750000,2.69814100
8.35912995,157.52130000,2.69814100
8.37960995,157.52130000,2.60811200
8.40008995,153.05030000,2.60811200
8.42056995,153.05030000,2.60811200
8.44104995,153.05030000,2.51838700
8.46152995,153.05030000,2.51838700
8.48200995,148.56410000,2.51838700
8.50248995,144.09310000,2.51838700
8.52296995,144.09310000,2.51838700
8.54344995,144.09310000,2.51838700
8.56392995,144.09310000,2.51838700
8.58440995,135.12070000,2.42835800
8.60488995,135.12070000,2.42835800
8.62536995,135.12070000,2.33832800
8.64584995,135.12070000,2.33832800
8.66632995,130.64970000,2.33832800
8.68680995,130.64970000,2.33832800
8.70728995,126.16350000,2.33832800
8.72776995,126.16350000,2.24860400
8.74824995,121.69260000,2.24860400
8.76872995,121.69260000,2.15857400
8.78920995,117.20630000,2.15857400
8.80968995,117.20630000,2.06854500
8.83016995,112.72010000,2.15857400
8.85064995,112.72010000,2.15857400
8.87112994,108.24920000,2.15857400
8.89160994,108.24920000,2.06854500
8.91208994,108.24920000,2.06854500
8.93256994,103.76290000,2.06854500
8.95304994,99.27671000,1.97882000
8.97352994,99.27671000,1.97882000
8.99400994,99.27671000,1.97882000
9.01448994,94.80575000,1.97882000
9.03496994,94.80575000,1.88879100
9.05544994,90.31953000,1.88879100
9.07592994,90.31953000,1.88879100
9.09640994,90.31953000,1.88879100
9.11688994,90.31953000,1.79876100
9.13736994,85.84857000,1.79876100
9.15784994,85.84857000,1.79876100
9.17832994,81.36235000,1.79876100
9.19880994,81.36235000,1.79876100
9.21928994,81.36235000,1.70903700
9.23976994,81.36235000,1.70903700
9.26024994,76.87613000,1.70903700
9.28072994,76.87613000,1.61900700
9.30120994,72.40517000,1.61900700
9.32168994,72.40517000,1.61900700
9.34216994,67.91895000,1.61900700
9.36264994,67.91895000,1.61900700
9.38312994,63.44798000,1.52897700
9.40360994,63.44798000,1.52897700
9.42408994,58.96176000,1.52897700
9.44456994,63.44798000,1.52897700
9.46504994,58.96176000,1.43925300
9.48552994,54.47554000,1.43925300
9.50600994,54.47554000,1.43925300
9.52648994,54.47554000,1.43925300
9.54696994,50.00458000,1.34922300
9.56744994,45.51836000,1.34922300
9.58792994,45.51836000,1.25919400
9.60840994,45.51836000,1.25919400
9.62888994,36.56117000,1.25919400
9.64936994,41.04739000,1.16946900
9.66984994,36.56117000,1.25919400
9.69032994,36.56117000,1.25919400
9.71080994,27.60399000,1.16946900
9.73128994,27.60399000,1.16946900
9.75176994,27.60399000,1.07944000
9.77224994,27.60399000,1.07944000
9.79272994,23.11777000,1.07944000
9.81320994,18.64681000,0.98941000
9.83368994,18.64681000,0.98941000
9.85416994,18.64681000,0.98941000
9.87464994,14.17585000,0.98941000
9.89512994,9.68962700,0.89968560
9.91560994,9.68962700,0.89968560
9.93608994,9.68962700,0.89968560
9.95656994,9.68962700,0.89968560
9.97704994,5.21866500,0.80965610
9.99752994,0.73244420,0.71962650
10.01800994,0.73244420,0.71962650
10.03848994,0.73244420,0.71962650
10.05896994,-3.75377700,0.62990200
10.07944994,-8.22473800,0.62990200
10.09992994,-8.22473800,0.62990200
10.12040994,-8.22473800,0.62990200
10.14088994,-12.71096000,0.62990200
10.16136994,-17.18192000,0.62990200
10.18184994,-17.18192000,0.53987240
10.20232994,-17.18192000,0.53987240
10.22280994,-26.15436000,0.44984280
10.24328994,-26.15436000,0.44984280
10.26376994,-26.15436000,0.44984280
10.28424994,-30.62533000,0.36011840
10.30472994,-30.62533000,0.36011840
10.32520994,-30.62533000,0.27008880
10.34568994,-35.11155000,0.27008880
10.36616994,-35.11155000,0.27008880
10.38664994,-44.06873000,0.18005920
10.40712994,-44.06873000,0.18005920
10.42760994,-44.06873000,0.18005920
10.44808994,-44.06873000,0.09033479
10.46856994,-48.55495000,0.09033479
10.48904994,-48.55495000,0.00030519
10.50952994,-53.02591000,0.00030519
10.53000993,-53.02591000,0.00030519
10.55048993,-53.02591000,0.00030519
10.57096993,-53.02591000,0.00030519
10.59144993,-57.51213000,-0.08941923
10.61192993,-61.98309000,-0.08941923
10.63240993,-61.98309000,-0.08941923
10.65288993,-61.98309000,-0.17914370
10.67336993,-66.46931000,-0.17914370
10.69384993,-66.46931000,-0.17914370
10.71432993,-70.95554000,-0.26917330
10.73480993,-70.95554000,-0.26917330
10.75528993,-70.95554000,-0.26917330
10.77576993,-79.91272000,-0.35889770
10.79624993,-79.91272000,-0.35889770
10.81672993,-79.91272000,-0.35889770
10.83720993,-79.91272000,-0.35889770
10.85768993,-79.91272000,-0.35889770
10.87816993,-84.39894000,-0.44892730
10.89864993,-88.86990000,-0.44892730
10.91912993,-88.86990000,-0.44892730
10.93960993,-88.86990000,-0.44892730
10.96008993,-88.86990000,-0.53895690
10.98056993,-93.35612000,-0.53895690
11.00104993,-97.82708000,-0.62868130
11.02152993,-97.82708000,-0.62868130
11.04200993,-97.82708000,-0.62868130
11.06248993,-97.82708000,-0.62868130
11.08296993,-102.31330000,-0.71871090
11.10344993,-106.79950000,-0.71871090
11.12392993,-106.79950000,-0.71871090
11.14440993,-106.79950000,-0.71871090
11.16488993,-115.75670000,-0.80874050
11.18536993,-111.27050000,-0.80874050
11.20584993,-115.75670000,-0.80874050
11.22632993,-115.75670000,-0.89846490
11.24680993,-115.75670000,-0.89846490
11.26728993,-120.22770000,-0.89846490
11.28776993,-120.22770000,-0.98849450
11.30824993,-120.22770000,-0.98849450
11.32872993,-124.71390000,-0.98849450
11.34920993,-124.71390000,-0.98849450
11.36968993,-124.71390000,-1.07852400
11.39016993,-124.71390000,-1.07852400
11.41064993,-129.20010000,-1.07852400
11.43112993,-133.67110000,-1.07852400
11.45160993,-133.67110000,-1.07852400
11.47208993,-133.67110000,-1.16824900
11.49256993,-133.67110000,-1.16824900
11.51304993,-138.15730000,-1.16824900
11.53352993,-138.15730000,-1.16824900
11.55400993,-142.62830000,-1.25827800
11.57448993,-142.62830000,-1.25827800
11.59496993,-147.11450000,-1.25827800
11.61544993,-147.11450000,-1.34830800
11.63592993,-151.60070000,-1.34830800
11.65640993,-151.60070000,-1.34830800
11.67688993,-151.60070000,-1.34830800
11.69736993,-156.07170000,-1.34830800
11.71784993,-156.07170000,-1.43803200
11.73832993,-160.55790000,-1.43803200
11.75880993,-160.55790000,-1.43803200
11.77928993,-160.55790000,-1.43803200
11.79976993,-165.02880000,-1.43803200
11.82024993,-165.02880000,-1.52806200
11.84072993,-169.51510000,-1.52806200
11.86120993,-169.51510000,-1.52806200
11.88168993,-169.51510000,-1.61809100
11.90216993,-169.51510000,-1.61809100
11.92264993,-174.00130000,-1.70781600
11.94312993,-174.00130000,-1.61809100
11.96360993,-178.47220000,-1.70781600
11.98408993,-178.47220000,-1.70781600
12.00456993,-178.47220000,-1.79784500
12.02504993,-182.95850000,-1.79784500
12.04552993,-187.44470000,-1.79784500
12.06600993,-187.44470000,-1.79784500
12.08648993,-187.44470000,-1.79784500
12.10696993,-187.44470000,-1.79784500
12.12744993,-191.91560000,-1.88787500
12.14792993,-196.40190000,-1.88787500
12.16840992,-196.40190000,-1.88787500
12.18888992,-196.40190000,-1.97759900
12.20936992,-196.40190000,-1.97759900
12.22984992,-200.87280000,-1.97759900
12.25032992,-205.35910000,-1.97759900
12.27080992,-205.35910000,-2.06762900
12.29128992,-205.35910000,-2.06762900
12.31176992,-205.35910000,-2.06762900
12.33224992,-205.35910000,-2.06762900
12.35272992,-209.84530000,-2.06762900
12.37320992,-214.31620000,-2.15765900
12.39368992,-209.84530000,-2.15765900
12.41416992,-214.31620000,-2.15765900
12.43464992,-214.31620000,-2.15765900
12.45512992,-218.80250000,-2.24738300
12.47560992,-223.27340000,-2.24738300
12.49608992,-223.27340000,-2.24738300
12.51656992,-223.27340000,-2.24738300
12.53704992,-227.75960000,-2.33741300
12.55752992,-227.75960000,-2.33741300
12.57800992,-227.75960000,-2.33741300
12.59848992,-227.75960000,-2.33741300
12.61896992,-232.24580000,-2.42744200
12.63944992,-232.24580000,-2.42744200
12.65992992,-236.71680000,-2.42744200
12.68040992,-236.71680000,-2.42744200
12.70088992,-236.71680000,-2.42744200
12.72136992,-241.20300000,-2.51716700
12.74184992,-241.20300000,-2.51716700
12.76232992,-241.20300000,-2.51716700
12.78280992,-241.20300000,-2.51716700
12.80328992,-245.67400000,-2.51716700
12.82376992,-250.16020000,-2.51716700
12.84424992,-250.16020000,-2.60719600
12.86472992,-250.16020000,-2.60719600
12.88520992,-254.64640000,-2.69722600
12.90568992,-254.64640000,-2.60719600
12.92616992,-254.64640000,-2.69722600
12.94664992,-259.11740000,-2.69722600
12.96712992,-259.11740000,-2.69722600
12.98760992,-259.11740000,-2.69722600
13.00808992,-263.60360000,-2.69722600
13.02856992,-263.60360000,-2.78695000
13.04904992,-263.60360000,-2.78695000
13.06952992,-268.08980000,-2.78695000
13.09000992,-268.08980000,-2.78695000
13.11048992,-268.08980000,-2.87698000
13.13096992,-268.08980000,-2.87698000
13.15144992,-268.08980000,-2.87698000
13.17192992,-272.56080000,-2.87698000
13.19240992,-277.04700000,-2.87698000
13.21288992,-277.04700000,-2.96701000
13.23336992,-277.04700000,-2.96701000
13.25384992,-277.04700000,-2.96701000
13.27432992,-277.04700000,-2.96701000
13.29480992,-277.04700000,-2.96701000
13.31528992,-281.51800000,-2.96701000
13.33576992,-281.51800000,-3.05673400
13.35624992,-286.00420000,-2.96701000
13.37672992,-286.00420000,-3.05673400
13.39720992,-286.00420000,-3.05673400
13.41768992,-286.00420000,-3.05673400
13.43816992,-286.00420000,-3.05673400
13.45864992,-286.00420000,-3.14676300
13.47912992,-290.49040000,-3.14676300
13.49960992,-286.00420000,-3.14676300
13.52008992,-290.49040000,-3.14676300
13.54056992,-290.49040000,-3.14676300
13.56104992,-294.96140000,-3.14676300
13.58152992,-294.96140000,-3.14676300
13.60200992,-294.96140000,-3.23648800
13.62248992,-294.96140000,-3.23648800
13.64296992,-294.96140000,-3.23648800
13.66344992,-294.96140000,-3.23648800
13.68392992,-299.44760000,-3.23648800
13.70440992,-294.96140000,-3.23648800
13.72488992,-294.96140000,-3.23648800
13.74536992,-299.44760000,-3.23648800
13.76584992,-299.44760000,-3.32651800
13.78632992,-299.44760000,-3.23648800
13.80680991,-299.44760000,-3.32651800
13.82728991,-303.91860000,-3.32651800
13.84776991,-303.91860000,-3.32651800
13.86824991,-303.91860000,-3.32651800
13.88872991,-303.91860000,-3.32651800
13.90920991,-303.91860000,-3.32651800
13.92968991,-303.91860000,-3.41654700
13.95016991,-303.91860000,-3.41654700
13.97064991,-303.91860000,-3.41654700
13.99112991,-303.91860000,-3.41654700
14.01160991,-303.91860000,-3.32651800
14.03208991,-303.91860000,-3.41654700
14.05256991,-303.91860000,-3.59630100
14.07304991,-303.91860000,-3.59630100
14.09352991,-312.89100000,-3.86608500
14.11400991,-312.89100000,-3.95611400
14.13448991,-308.40480000,-4.13586900
14.15496991,-312.89100000,-4.31562200
14.17544991,-312.89100000,-4.58540600
14.19592991,-312.89100000,-4.76546500
14.21640991,-308.40480000,-4.94521900
14.23688991,-312.89100000,-5.03524900
14.25736991,-312.89100000,-5.21500300
14.27784991,-312.89100000,-5.30503300
14.29832991,-312.89100000,-5.39475700
14.31880991,-312.89100000,-5.48478700
14.33928991,-312.89100000,-5.57481600
14.35976991,-312.89100000,-5.66454000
14.38024991,-312.89100000,-5.66454000
14.40072991,-312.89100000,-5.66454000
14.42120991,-312.89100000,-5.66454000
14.44168991,-312.89100000,-5.66454000
14.46216991,-312.89100000,-5.66454000
14.48264991,-312.89100000,-5.57481600
14.50312991,-312.89100000,-5.66454000
14.52360991,-312.89100000,-5.48478700
14.54408991,-312.89100000,-5.48478700
14.56456991,-312.89100000,-5.39475700
14.58504991,-312.89100000,-5.39475700
14.60552991,-312.89100000,-5.39475700
14.62600991,-312.89100000,-5.30503300
14.64648991,-312.89100000,-5.21500300
14.66696991,-312.89100000,-5.21500300
14.68744991,-312.89100000,-5.12497300
14.70792991,-317.36200000,-5.12497300
14.72840991,-312.89100000,-5.12497300
14.74888991,-312.89100000,-5.03524900
14.76936991,-317.36200000,-5.03524900
14.78984991,-317.36200000,-4.94521900
14.81032991,-312.89100000,-4.94521900
14.83080991,-317.36200000,-4.94521900
14.85128991,-312.89100000,-4.94521900
14.87176991,-317.36200000,-4.76546500
14.89224991,-317.36200000,-4.76546500
14.91272991,-317.36200000,-4.76546500
14.93320991,-317.36200000,-4.76546500
14.95368991,-317.36200000,-4.67543600
14.97416991,-317.36200000,-4.67543600
14.99464991,-317.36200000,-4.76546500
15.01512991,-317.36200000,-4.67543600
15.03560991,-317.36200000,-4.67543600
15.05608991,-317.36200000,-4.67543600
15.07656991,-317.36200000,-4.67543600
15.09704991,-317.36200000,-4.67543600
15.11752991,-317.36200000,-4.67543600
15.13800991,-317.36200000,-4.67543600
15.15848991,-317.36200000,-4.67543600
15.17896991,-317.36200000,-4.67543600
15.19944991,-317.36200000,-4.67543600
15.21992991,-317.36200000,-4.58540600
15.24040991,-317.36200000,-4.58540600
15.26088991,-317.36200000,-4.49568200
15.28136991,-317.36200000,-4.49568200
15.30184991,-321.84820000,-4.49568200
15.32232991,-317.36200000,-4.40565200
15.34280991,-317.36200000,-4.40565200
15.36328991,-317.36200000,-4.40565200
15.38376991,-317.36200000,-4.31562200
15.40424991,-317.36200000,-4.31562200
15.42472991,-317.36200000,-4.31562200
15.44520991,-317.36200000,-4.31562200
15.46568990,-317.36200000,-4.31562200
15.48616990,-317.36200000,-4.22589800
15.50664990,-317.36200000,-4.22589800
15.52712990,-317.36200000,-4.22589800
15.54760990,-317.36200000,-4.13586900
15.56808990,-317.36200000,-4.13586900
15.58856990,-317.36200000,-4.04583900
15.60904990,-317.36200000,-4.04583900
15.62952990,-317.36200000,-3.95611400
15.65000990,-317.36200000,-3.95611400
15.67048990,-321.84820000,-3.95611400
15.69096990,-317.36200000,-3.95611400
15.71144990,-317.36200000,-3.86608500
15.73192990,-317.36200000,-3.86608500
15.75240990,-317.36200000,-3.86608500
15.77288990,-317.36200000,-3.77605500
15.79336990,-317.36200000,-3.77605500
15.81384990,-317.36200000,-3.68633100
15.83432990,-317.36200000,-3.77605500
15.85480990,-317.36200000,-3.77605500
15.87528990,-317.36200000,-3.77605500
15.89576990,-317.36200000,-3.77605500
15.91624990,-317.36200000,-3.77605500
15.93672990,-317.36200000,-3.77605500
15.95720990,-317.36200000,-3.68633100
15.97768990,-317.36200000,-3.68633100
15.99816990,-317.36200000,-3.77605500
16.01864990,-312.89100000,-3.68633100
16.03912990,-312.89100000,-3.77605500
16.05960990,-312.89100000,-3.68633100
16.08008990,-312.89100000,-3.77605500
16.10056990,-312.89100000,-3.77605500
16.12104990,-312.89100000,-3.77605500
16.14152990,-312.89100000,-3.68633100
16.16200990,-312.89100000,-3.77605500
16.18248990,-312.89100000,-3.77605500
16.20296990,-312.89100000,-3.77605500
16.22344990,-312.89100000,-3.68633100
16.24392990,-312.89100000,-3.68633100
16.26440990,-312.89100000,-3.77605500
16.28488990,-312.89100000,-3.77605500
16.30536990,-308.40480000,-3.68633100
16.32584990,-303.91860000,-3.77605500
16.34632990,-303.91860000,-3.68633100
16.36680990,-303.91860000,-3.68633100
16.38728990,-303.91860000,-3.68633100
16.40776990,-303.91860000,-3.68633100
16.42824990,-299.44760000,-3.68633100
16.44872990,-299.44760000,-3.68633100
16.46920990,-299.44760000,-3.68633100
16.48968990,-294.96140000,-3.68633100
16.51016990,-294.96140000,-3.68633100
16.53064990,-294.96140000,-3.68633100
16.55112990,-294.96140000,-3.68633100
16.57160990,-290.49040000,-3.68633100
16.59208990,-286.00420000,-3.59630100
16.61256990,-286.00420000,-3.68633100
16.63304990,-286.00420000,-3.68633100
16.65352990,-286.00420000,-3.59630100
16.67400990,-281.51800000,-3.59630100
16.69448990,-281.51800000,-3.59630100
16.71496990,-281.51800000,-3.59630100
16.73544990,-277.04700000,-3.59630100
16.75592990,-277.04700000,-3.59630100
16.77640990,-277.04700000,-3.59630100
16.79688990,-277.04700000,-3.59630100
16.81736990,-272.56080000,-3.59630100
16.83784990,-272.56080000,-3.59630100
16.85832990,-268.08980000,-3.59630100
16.87880990,-268.08980000,-3.59630100
16.89928990,-263.60360000,-3.50627200
16.91976990,-268.08980000,-3.50627200
16.94024990,-263.60360000,-3.50627200
16.96072990,-263.60360000,-3.50627200
16.98120990,-263.60360000,-3.50627200
17.00168990,-263.60360000,-3.50627200
17.02216990,-259.11740000,-3.50627200
17.04264990,-259.11740000,-3.50627200
17.06312990,-259.11740000,-3.41654700
17.08360990,-259.11740000,-3.41654700
17.10408989,-254.64640000,-3.41654700
17.12456989,-250.16020000,-3.41654700
17.14504989,-250.16020000,-3.41654700
17.16552989,-250.16020000,-3.41654700
17.18600989,-250.16020000,-3.32651800
17.20648989,-250.16020000,-3.41654700
17.22696989,-250.16020000,-3.32651800
17.24744989,-250.16020000,-3.41654700
17.26792989,-245.67400000,-3.32651800
17.28840989,-245.67400000,-3.32651800
17.30888989,-245.67400000,-3.32651800
17.32936989,-241.20300000,-3.32651800
17.34984989,-241.20300000,-3.23648800
17.37032989,-241.20300000,-3.32651800
17.39080989,-241.20300000,-3.23648800
17.41128989,-241.20300000,-3.32651800
17.43176989,-236.71680000,-3.23648800
17.45224989,-232.24580000,-3.23648800
17.47272989,-232.24580000,-3.23648800
17.49320989,-232.24580000,-3.23648800
17.51368989,-227.75960000,-3.23648800
17.53416989,-227.75960000,-3.23648800
17.55464989,-227.75960000,-3.23648800
17.57512989,-223.27340000,-3.23648800
17.59560989,-223.27340000,-3.23648800
17.61608989,-223.27340000,-3.14676300
17.63656989,-223.27340000,-3.23648800
17.65704989,-218.80250000,-3.14676300
17.67752989,-214.31620000,-3.14676300
17.69800989,-214.31620000,-3.14676300
17.71848989,-214.31620000,-3.14676300
17.73896989,-214.31620000,-3.14676300
17.75944989,-209.84530000,-3.14676300
17.77992989,-209.84530000,-3.05673400
17.80040989,-209.84530000,-3.05673400
17.82088989,-205.35910000,-3.05673400
17.84136989,-205.35910000,-3.05673400
17.86184989,-205.35910000,-3.05673400
17.88232989,-205.35910000,-3.05673400
17.90280989,-200.87280000,-3.05673400
17.92328989,-196.40190000,-2.96701000
17.94376989,-196.40190000,-2.96701000
17.96424989,-191.91560000,-2.96701000
17.98472989,-191.91560000,-2.96701000
18.00520989,-191.91560000,-2.96701000
18.02568989,-191.91560000,-2.96701000
18.04616989,-187.44470000,-2.96701000
18.06664989,-187.44470000,-2.87698000
18.08712989,-187.44470000,-2.87698000
18.10760989,-187.44470000,-2.87698000
18.12808989,-182.95850000,-2.87698000
18.14856989,-178.47220000,-2.87698000
18.16904989,-178.47220000,-2.87698000
18.18952989,-178.47220000,-2.87698000
18.21000989,-178.47220000,-2.78695000
18.23048989,-174.00130000,-2.78695000
18.25096989,-169.51510000,-2.78695000
18.27144989,-169.51510000,-2.78695000
18.29192989,-169.51510000,-2.78695000
18.31240989,-169.51510000,-2.78695000
18.33288989,-169.51510000,-2.69722600
18.35336989,-160.55790000,-2.69722600
18.37384989,-160.55790000,-2.69722600
18.39432989,-160.55790000,-2.69722600
18.41480989,-160.55790000,-2.69722600
18.43528989,-156.07170000,-2.69722600
18.45576989,-156.07170000,-2.69722600
18.47624989,-156.07170000,-2.69722600
18.49672989,-151.60070000,-2.60719600
18.51720989,-151.60070000,-2.60719600
18.53768989,-147.11450000,-2.60719600
18.55816989,-142.62830000,-2.51716700
18.57864989,-142.62830000,-2.60719600
18.59912989,-142.62830000,-2.51716700
18.61960989,-142.62830000,-2.51716700
18.64008989,-142.62830000,-2.51716700
18.66056989,-133.67110000,-2.51716700
18.68104989,-133.67110000,-2.51716700
18.70152989,-133.67110000,-2.42744200
18.72200989,-133.67110000,-2.51716700
18.74248988,-124.71390000,-2.42744200
18.76296988,-124.71390000,-2.42744200
18.78344988,-124.71390000,-2.42744200
18.80392988,-124.71390000,-2.42744200
18.82440988,-120.22770000,-2.42744200
18.84488988,-115.75670000,-2.33741300
18.86536988,-115.75670000,-2.33741300
18.88584988,-115.75670000,-2.33741300
18.90632988,-115.75670000,-2.33741300
18.92680988,-106.79950000,-2.33741300
18.94728988,-106.79950000,-2.24738300
18.96776988,-102.31330000,-2.24738300
18.98824988,-102.31330000,-2.24738300
19.00872988,-102.31330000,-2.24738300
19.02920988,-97.82708000,-2.24738300
19.04968988,-97.82708000,-2.15765900
19.07016988,-97.82708000,-2.15765900
19.09064988,-97.82708000,-2.24738300
19.11112988,-93.35612000,-2.15765900
19.13160988,-88.86990000,-2.15765900
19.15208988,-88.86990000,-2.15765900
19.17256988,-84.39894000,-2.15765900
19.19304988,-84.39894000,-2.06762900
19.21352988,-84.39894000,-2.15765900
19.23400988,-79.91272000,-2.06762900
19.25448988,-79.91272000,-2.06762900
19.27496988,-79.91272000,-2.06762900
19.29544988,-75.42650000,-2.06762900
19.31592988,-75.42650000,-1.97759900
19.33640988,-70.95554000,-1.97759900
19.35688988,-70.95554000,-2.06762900
19.37736988,-66.46931000,-1.97759900
19.39784988,-66.46931000,-1.97759900
19.41832988,-61.98309000,-1.97759900
19.43880988,-61.98309000,-1.88787500
19.45928988,-61.98309000,-1.97759900
19.47976988,-61.98309000,-1.88787500
19.50024988,-61.98309000,-1.88787500
19.52072988,-53.02591000,-1.88787500
19.54120988,-53.02591000,-1.88787500
19.56168988,-53.02591000,-1.79784500
19.58216988,-48.55495000,-1.79784500
19.60264988,-48.55495000,-1.79784500
19.62312988,-48.55495000,-1.79784500
19.64360988,-44.06873000,-1.79784500
19.66408988,-44.06873000,-1.79784500
19.68456988,-39.58250000,-1.79784500
19.70504988,-35.11155000,-1.70781600
19.72552988,-35.11155000,-1.70781600
19.74600988,-35.11155000,-1.70781600
19.76648988,-30.62533000,-1.70781600
19.78696988,-26.15436000,-1.61809100
19.80744988,-26.15436000,-1.61809100
19.82792988,-26.15436000,-1.61809100
19.84840988,-26.15436000,-1.61809100
19.86888988,-17.18192000,-1.61809100
19.88936988,-17.18192000,-1.61809100
19.90984988,-12.71096000,-1.52806200
19.93032988,-12.71096000,-1.52806200
19.95080988,-8.22473800,-1.52806200
19.97128988,-8.22473800,-1.43803200
19.99176988,-8.22473800,-1.43803200
20.01224988,-3.75377700,-1.43803200
20.03272988,0.73244420,-1.43803200
20.05320988,0.73244420,-1.34830800
20.07368988,0.73244420,-1.43803200
20.09416988,5.21866500,-1.34830800
20.11464988,9.68962700,-1.34830800
20.13512988,9.68962700,-1.25827800
20.15560988,9.68962700,-1.25827800
20.17608988,14.17585000,-1.25827800
20.19656988,14.17585000,-1.25827800
20.21704988,18.64681000,-1.16824900
20.23752988,18.64681000,-1.16824900
20.25800988,23.11777000,-1.16824900
20.27848988,27.60399000,-1.16824900
20.29896988,27.60399000,-1.07852400
20.31944988,27.60399000,-1.07852400
20.33992988,27.60399000,-1.07852400
20.36040988,32.07495000,-0.98849450
20.38088988,36.56117000,-0.98849450
20.40136987,36.56117000,-0.98849450
20.42184987,36.56117000,-0.98849450
20.44232987,41.04739000,-0.89846490
20.46280987,45.51836000,-0.89846490
20.48328987,45.51836000,-0.80874050
20.50376987,45.51836000,-0.80874050
20.52424987,45.51836000,-0.71871090
20.54472987,50.00458000,-0.71871090
20.56520987,54.47554000,-0.71871090
20.58568987,50.00458000,-0.71871090
20.60616987,58.96176000,-0.62868130
20.62664987,58.96176000,-0.62868130
20.64712987,58.96176000,-0.62868130
20.66760987,63.44798000,-0.62868130
20.68808987,63.44798000,-0.53895690
20.70856987,63.44798000,-0.44892730
20.72904987,63.44798000,-0.44892730
20.74952987,72.40517000,-0.44892730
20.77000987,72.40517000,-0.35889770
20.79048987,72.40517000,-0.35889770
20.81096987,76.87613000,-0.26917330
20.83144987,76.87613000,-0.26917330
20.85192987,81.36235000,-0.26917330
20.87240987,81.36235000,-0.17914370
20.89288987,81.36235000,-0.17914370
20.91336987,81.36235000,-0.17914370
20.93384987,85.84857000,-0.08941923
20.95432987,90.31953000,-0.08941923
20.97480987,90.31953000,0.00030519
20.99528987,90.31953000,-0.08941923
21.01576987,94.80575000,0.00030519
21.03624987,94.80575000,0.00030519
21.05672987,99.27671000,0.00030519
21.07720987,99.27671000,0.09033479
21.09768987,99.27671000,0.09033479
21.11816987,103.76290000,0.18005920
21.13864987,103.76290000,0.18005920
21.15912987,108.24920000,0.18005920
21.17960987,108.24920000,0.27008880
21.20008987,108.24920000,0.36011840
21.22056987,108.24920000,0.36011840
21.24104987,112.72010000,0.36011840
21.26152987,117.20630000,0.36011840
21.28200987,117.20630000,0.44984280
21.30248987,117.20630000,0.44984280
21.32296987,117.20630000,0.53987240
21.34344987,121.69260000,0.53987240
21.36392987,117.20630000,0.53987240
21.38440987,126.16350000,0.53987240
21.40488987,126.16350000,0.62990200
21.42536987,126.16350000,0.62990200
21.44584987,126.16350000,0.62990200
21.46632987,130.64970000,0.71962650
21.48680987,135.12070000,0.71962650
21.50728987,135.12070000,0.71962650
21.52776987,135.12070000,0.71962650
21.54824987,139.60690000,0.80965610
21.56872987,139.60690000,0.80965610
21.58920987,139.60690000,0.89968560
21.60968987,144.09310000,0.89968560
21.63016987,144.09310000,0.98941000
21.65064987,148.56410000,0.98941000
21.67112987,148.56410000,1.07944000
21.69160987,153.05030000,1.07944000
21.71208987,153.05030000,1.07944000
21.73256987,153.05030000,1.07944000
21.75304987,153.05030000,1.07944000
21.77352987,153.05030000,1.16946900
21.79400987,162.00750000,1.16946900
21.81448987,162.00750000,1.25919400
21.83496987,162.00750000,1.25919400
21.85544987,162.00750000,1.25919400
21.87592987,166.49370000,1.34922300
21.89640987,166.49370000,1.34922300
21.91688987,170.96470000,1.43925300
21.93736987,170.96470000,1.43925300
21.95784987,170.96470000,1.43925300
21.97832987,175.45090000,1.43925300
21.99880987,175.45090000,1.43925300
22.01928987,179.92190000,1.52897700
22.03976986,179.92190000,1.52897700
22.06024986,179.92190000,1.52897700
22.08072986,184.40810000,1.52897700
22.10120986,188.89430000,1.61900700
22.12168986,188.89430000,1.61900700
22.14216986,188.89430000,1.70903700
22.16264986,188.89430000,1.70903700
22.18312986,193.36530000,1.70903700
22.20360986,197.85150000,1.79876100
22.22408986,197.85150000,1.79876100
22.24456986,197.85150000,1.79876100
22.26504986,197.85150000,1.79876100
22.28552986,202.32250000,1.79876100
22.30600986,202.32250000,1.79876100
22.32648986,206.80870000,1.88879100
22.34696986,206.80870000,1.97882000
22.36744986,206.80870000,1.97882000
22.38792986,206.80870000,2.06854500
22.40840986,211.29490000,2.06854500
22.42888986,215.76590000,2.06854500
22.44936986,211.29490000,2.06854500
22.46984986,215.76590000,2.15857400
22.49032986,215.76590000,2.15857400
22.51080986,220.25210000,2.15857400
22.53128986,224.73830000,2.24860400
22.55176986,224.73830000,2.15857400
22.57224986,224.73830000,2.24860400
22.59272986,224.73830000,2.33832800
22.61320986,224.73830000,2.24860400
22.63368986,229.20930000,2.33832800
22.65416986,233.69550000,2.42835800
22.67464986,233.69550000,2.42835800
22.69512986,233.69550000,2.42835800
22.71560986,233.69550000,2.42835800
22.73608986,238.16650000,2.51838700
22.75656986,238.16650000,2.51838700
22.77704986,242.65270000,2.51838700
22.79752986,242.65270000,2.51838700
22.81800986,242.65270000,2.51838700
22.83848986,242.65270000,2.60811200
22.85896986,242.65270000,2.69814100
22.87944986,247.13890000,2.69814100
22.89992986,247.13890000,2.69814100
22.92040986,251.60980000,2.78817100
22.94088986,251.60980000,2.78817100
22.96136986,251.60980000,2.78817100
22.98184986,251.60980000,2.78817100
23.00232986,256.09610000,2.78817100
23.02280986,256.09610000,2.87789600
23.04328986,260.56700000,2.87789600
23.06376986,260.56700000,2.87789600
23.08424986,260.56700000,2.87789600
23.10472986,260.56700000,2.87789600
23.12520986,260.56700000,2.87789600
23.14568986,265.05330000,2.96792500
23.16616986,269.53950000,2.96792500
23.18664986,269.53950000,2.96792500
23.20712986,269.53950000,2.96792500
23.22760986,269.53950000,3.05764900
23.24808986,274.01040000,3.14767900
23.26856986,274.01040000,3.14767900
23.28904986,278.49660000,3.23770900
23.30952986,274.01040000,3.23770900
23.33000986,278.49660000,3.23770900
23.35048986,278.49660000,3.32743300
23.37096986,278.49660000,3.23770900
23.39144986,278.49660000,3.32743300
23.41192986,278.49660000,3.32743300
23.43240986,278.49660000,3.32743300
23.45288986,282.96760000,3.32743300
23.47336986,282.96760000,3.32743300
23.49384986,282.96760000,3.32743300
23.51432986,287.45390000,3.41746300
23.53480986,287.45390000,3.41746300
23.55528986,287.45390000,3.41746300
23.57576986,287.45390000,3.50749200
23.59624986,287.45390000,3.41746300
23.61672986,287.45390000,3.50749200
23.63720986,291.94010000,3.50749200
23.65768986,291.94010000,3.50749200
23.67816985,291.94010000,3.50749200
23.69864985,296.41100000,3.59721700
23.71912985,291.94010000,3.50749200
23.73960985,296.41100000,3.59721700
23.76008985,291.94010000,3.59721700
23.78056985,296.41100000,3.59721700
23.80104985,296.41100000,3.59721700
23.82152985,296.41100000,3.68724600
23.84200985,296.41100000,3.59721700
23.86248985,296.41100000,3.59721700
23.88296985,296.41100000,3.68724600
23.90344985,296.41100000,3.59721700
23.92392985,296.41100000,3.68724600
23.94440985,300.89720000,3.68724600
23.96488985,300.89720000,3.77727600
23.98536985,305.38350000,3.77727600
24.00584985,300.89720000,3.86700000
24.02632985,305.38350000,3.86700000
24.04680985,305.38350000,3.95703000
24.06728985,305.38350000,4.04706000
24.08776985,305.38350000,4.31684300
24.10824985,305.38350000,4.49659700
24.12872985,305.38350000,4.67635100
24.14920985,305.38350000,4.85641100
24.16968985,305.38350000,5.03616400
24.19016985,305.38350000,5.21591900
24.21064985,305.38350000,5.39597700
24.23112985,305.38350000,5.48570200
24.25160985,305.38350000,5.66576100
24.27208985,305.38350000,5.75548600
24.29256985,305.38350000,5.84551500
24.31304985,305.38350000,5.93524000
24.33352985,305.38350000,5.93524000
24.35400985,305.38350000,5.93524000
24.37448985,309.85440000,6.02526900
24.39496985,305.38350000,6.02526900
24.41544985,305.38350000,6.02526900
24.43592985,305.38350000,6.02526900
24.45640985,305.38350000,6.02526900
24.47688985,309.85440000,6.02526900
24.49736985,309.85440000,6.02526900
24.51784985,305.38350000,6.02526900
24.53832985,309.85440000,5.93524000
24.55880985,309.85440000,5.84551500
24.57928985,309.85440000,5.84551500
24.59976985,309.85440000,5.75548600
24.62024985,309.85440000,5.75548600
24.64072985,309.85440000,5.75548600
24.66120985,314.34060000,5.75548600
24.68168985,309.85440000,5.66576100
24.70216985,309.85440000,5.66576100
24.72264985,309.85440000,5.66576100
24.74312985,309.85440000,5.57573100
24.76360985,309.85440000,5.57573100
24.78408985,309.85440000,5.48570200
24.80456985,309.85440000,5.48570200
24.82504985,309.85440000,5.39597700
24.84552985,309.85440000,5.39597700
24.86600985,309.85440000,5.39597700
24.88648985,309.85440000,5.39597700
24.90696985,309.85440000,5.39597700
24.92744985,314.34060000,5.39597700
24.94792985,314.34060000,5.39597700
24.96840985,309.85440000,5.30594800
24.98888985,309.85440000,5.21591900
25.00936985,314.34060000,5.21591900
25.02984985,314.34060000,5.21591900
25.05032985,314.34060000,5.21591900
25.07080985,314.34060000,5.21591900
25.09128985,314.34060000,5.21591900
25.11176985,314.34060000,5.21591900
25.13224985,314.34060000,5.12619400
25.15272985,309.85440000,5.12619400
25.17320985,314.34060000,5.12619400
25.19368985,314.34060000,5.12619400
25.21416985,314.34060000,5.03616400
25.23464985,314.34060000,5.03616400
25.25512985,314.34060000,5.03616400
25.27560985,314.34060000,4.94613500
25.29608985,314.34060000,4.94613500
25.31656985,314.34060000,4.94613500
25.33704984,314.34060000,4.94613500
25.35752984,309.85440000,4.85641100
25.37800984,314.34060000,4.85641100
25.39848984,314.34060000,4.76638100
25.41896984,314.34060000,4.76638100
25.43944984,314.34060000,4.76638100
25.45992984,314.34060000,4.76638100
25.48040984,314.34060000,4.76638100
25.50088984,314.34060000,4.67635100
25.52136984,314.34060000,4.67635100
25.54184984,314.34060000,4.58662700
25.56232984,314.34060000,4.58662700
25.58280984,314.34060000,4.58662700
25.60328984,314.34060000,4.58662700
25.62376984,314.34060000,4.49659700
25.64424984,314.34060000,4.49659700
25.66472984,314.34060000,4.49659700
25.68520984,314.34060000,4.40656800
25.70568984,314.34060000,4.40656800
25.72616984,309.85440000,4.40656800
25.74664984,314.34060000,4.31684300
25.76712984,314.34060000,4.31684300
25.78760984,314.34060000,4.31684300
25.80808984,314.34060000,4.31684300
25.82856984,314.34060000,4.31684300
25.84904984,314.34060000,4.31684300
25.86952984,314.34060000,4.31684300
25.89000984,314.34060000,4.40656800
25.91048984,309.85440000,4.40656800
25.93096984,309.85440000,4.40656800
25.95144984,309.85440000,4.31684300
25.97192984,309.85440000,4.31684300
25.99240984,309.85440000,4.31684300
26.01288984,309.85440000,4.22681400
26.03336984,309.85440000,4.31684300
26.05384984,309.85440000,4.31684300
26.07432984,309.85440000,4.31684300
26.09480984,309.85440000,4.31684300
26.11528984,305.38350000,4.40656800
26.13576984,305.38350000,4.40656800
26.15624984,305.38350000,4.40656800
26.17672984,305.38350000,4.31684300
26.19720984,309.85440000,4.31684300
26.21768984,305.38350000,4.31684300
26.23816984,305.38350000,4.31684300
26.25864984,305.38350000,4.31684300
26.27912984,305.38350000,4.31684300
26.29960984,305.38350000,4.31684300
26.32008984,305.38350000,4.31684300
26.34056984,296.41100000,4.31684300
26.36104984,300.89720000,4.31684300
26.38152984,296.41100000,4.31684300
26.40200984,296.41100000,4.31684300
26.42248984,296.41100000,4.31684300
26.44296984,296.41100000,4.22681400
26.46344984,296.41100000,4.22681400
26.48392984,291.94010000,4.13678400
26.50440984,291.94010000,4.13678400
26.52488984,287.45390000,4.22681400
26.54536984,287.45390000,4.13678400
26.56584984,287.45390000,4.13678400
26.58632984,287.45390000,4.13678400
26.60680984,287.45390000,4.13678400
26.62728984,282.96760000,4.22681400
26.64776984,278.49660000,4.13678400
26.66824984,278.49660000,4.13678400
26.68872984,278.49660000,4.04706000
26.70920984,274.01040000,4.04706000
26.72968984,274.01040000,4.04706000
26.75016984,274.01040000,3.95703000
26.77064984,269.53950000,3.95703000
26.79112984,269.53950000,4.04706000
26.81160984,269.53950000,3.95703000
26.83208984,269.53950000,3.95703000
26.85256984,265.05330000,3.95703000
26.87304984,260.56700000,4.04706000
26.89352984,260.56700000,3.95703000
26.91400984,260.56700000,3.95703000
26.93448984,260.56700000,3.86700000
26.95496984,260.56700000,3.86700000
26.97544983,260.56700000,3.86700000
26.99592983,256.09610000,3.86700000
27.01640983,251.60980000,3.77727600
27.03688983,256.09610000,3.86700000
27.05736983,251.60980000,3.77727600
27.07784983,251.60980000,3.86700000
27.09832983,251.60980000,3.86700000
27.11880983,251.60980000,3.77727600
27.13928983,251.60980000,3.77727600
27.15976983,247.13890000,3.68724600
27.18024983,247.13890000,3.68724600
27.20072983,242.65270000,3.59721700
27.22120983,242.65270000,3.59721700
27.24168983,242.65270000,3.59721700
27.26216983,242.65270000,3.59721700
27.28264983,242.65270000,3.59721700
27.30312983,238.16650000,3.59721700
27.32360983,238.16650000,3.59721700
27.34408983,238.16650000,3.59721700
27.36456983,233.69550000,3.59721700
27.38504983,233.69550000,3.50749200
27.40552983,233.69550000,3.50749200
27.42600983,233.69550000,3.50749200
27.44648983,229.20930000,3.50749200
27.46696983,229.20930000,3.50749200
27.48744983,224.73830000,3.41746300
27.50792983,224.73830000,3.41746300
27.52840983,224.73830000,3.50749200
27.54888983,224.73830000,3.50749200
27.56936983,224.73830000,3.50749200
27.58984983,224.73830000,3.41746300
27.61032983,220.25210000,3.41746300
27.63080983,220.25210000,3.32743300
27.65128983,215.76590000,3.41746300
27.67176983,215.76590000,3.32743300
27.69224983,215.76590000,3.32743300
27.71272983,215.76590000,3.23770900
27.73320983,211.29490000,3.23770900
27.75368983,206.80870000,3.23770900
27.77416983,206.80870000,3.23770900
27.79464983,206.80870000,3.23770900
27.81512983,202.32250000,3.23770900
27.83560983,202.32250000,3.23770900
27.85608983,202.32250000,3.14767900
27.87656983,202.32250000,3.14767900
27.89704983,197.85150000,3.05764900
27.91752983,197.85150000,3.14767900
27.93800983,193.36530000,3.05764900
27.95848983,193.36530000,2.96792500
27.97896983,188.89430000,2.96792500
27.99944983,188.89430000,2.96792500
28.01992983,188.89430000,3.05764900
28.04040983,188.89430000,2.96792500
28.06088983,184.40810000,2.96792500
28.08136983,184.40810000,2.96792500
28.10184983,179.92190000,2.87789600
28.12232983,179.92190000,2.87789600
28.14280983,179.92190000,2.87789600
28.16328983,175.45090000,2.87789600
28.18376983,175.45090000,2.87789600
28.20424983,170.96470000,2.87789600
28.22472983,170.96470000,2.78817100
28.24520983,170.96470000,2.87789600
28.26568983,166.49370000,2.87789600
28.28616983,166.49370000,2.78817100
28.30664983,166.49370000,2.78817100
28.32712983,162.00750000,2.69814100
28.34760983,162.00750000,2.69814100
28.36808983,157.52130000,2.69814100
28.38856983,153.05030000,2.69814100
28.40904983,153.05030000,2.60811200
28.42952983,153.05030000,2.60811200
28.45000983,153.05030000,2.60811200
28.47048983,148.56410000,2.60811200
28.49096983,148.56410000,2.60811200
28.51144983,148.56410000,2.51838700
28.53192983,144.09310000,2.51838700
28.55240983,144.09310000,2.51838700
28.57288983,144.09310000,2.51838700
28.59336983,139.60690000,2.42835800
28.61384982,135.12070000,2.42835800
28.63432982,135.12070000,2.33832800
28.65480982,130.64970000,2.33832800
28.67528982,130.64970000,2.33832800
28.69576982,126.16350000,2.24860400
28.71624982,126.16350000,2.33832800
28.73672982,126.16350000,2.24860400
28.75720982,121.69260000,2.24860400
28.77768982,117.20630000,2.15857400
28.79816982,117.20630000,2.15857400
28.81864982,117.20630000,2.15857400
28.83912982,112.72010000,2.15857400
28.85960982,112.72010000,2.15857400
28.88008982,108.24920000,2.06854500
28.90056982,108.24920000,2.06854500
28.92104982,108.24920000,2.06854500
28.94152982,103.76290000,2.06854500
28.96200982,99.27671000,1.97882000
28.98248982,99.27671000,2.06854500
29.00296982,99.27671000,1.97882000
29.02344982,99.27671000,1.97882000
29.04392982,94.80575000,1.88879100
29.06440982,90.31953000,1.88879100
29.08488982,94.80575000,1.88879100
29.10536982,90.31953000,1.79876100
29.12584982,90.31953000,1.79876100
29.14632982,85.84857000,1.79876100
29.16680982,81.36235000,1.79876100
29.18728982,81.36235000,1.79876100
29.20776982,81.36235000,1.70903700
29.22824982,81.36235000,1.70903700
29.24872982,81.36235000,1.70903700
29.26920982,76.87613000,1.70903700
29.28968982,72.40517000,1.61900700
29.31016982,72.40517000,1.61900700
29.33064982,72.40517000,1.52897700
29.35112982,72.40517000,1.52897700
29.37160982,63.44798000,1.52897700
29.39208982,63.44798000,1.43925300
29.41256982,63.44798000,1.43925300
29.43304982,58.96176000,1.52897700
29.45352982,58.96176000,1.43925300
29.47400982,58.96176000,1.43925300
29.49448982,54.47554000,1.43925300
29.51496982,50.00458000,1.43925300
29.53544982,50.00458000,1.34922300
29.55592982,45.51836000,1.34922300
29.57640982,45.51836000,1.34922300
29.59688982,45.51836000,1.25919400
29.61736982,41.04739000,1.25919400
29.63784982,41.04739000,1.25919400
29.65832982,36.56117000,1.25919400
29.67880982,36.56117000,1.25919400
29.69928982,32.07495000,1.16946900
29.71976982,27.60399000,1.16946900
29.74024982,27.60399000,1.07944000
29.76072982,27.60399000,1.07944000
29.78120982,23.11777000,1.07944000
29.80168982,23.11777000,0.98941000
29.82216982,23.11777000,0.98941000
29.84264982,18.64681000,0.98941000
29.86312982,18.64681000,0.98941000
29.88360982,14.17585000,0.98941000
29.90408982,9.68962700,0.89968560
29.92456982,9.68962700,0.89968560
29.94504982,9.68962700,0.89968560
29.96552982,9.68962700,0.80965610
29.98600982,0.73244420,0.80965610
30.00648982,5.21866500,0.71962650
30.02696982,0.73244420,0.71962650
30.04744982,-3.75377700,0.71962650
30.06792982,-3.75377700,0.71962650
30.08840982,-8.22473800,0.62990200
30.10888982,-8.22473800,0.62990200
30.12936982,-8.22473800,0.62990200
30.14984982,-12.71096000,0.53987240
30.17032982,-17.18192000,0.53987240
30.19080982,-17.18192000,0.53987240
30.21128982,-21.66814000,0.53987240
30.23176982,-26.15436000,0.44984280
30.25224982,-26.15436000,0.44984280
30.27272981,-26.15436000,0.36011840
30.29320981,-30.62533000,0.36011840
30.31368981,-35.11155000,0.36011840
30.33416981,-35.11155000,0.27008880
30.35464981,-35.11155000,0.27008880
30.37512981,-35.11155000,0.18005920
30.39560981,-44.06873000,0.18005920
30.41608981,-44.06873000,0.18005920
30.43656981,-44.06873000,0.18005920
30.45704981,-44.06873000,0.09033479
30.47752981,-48.55495000,0.09033479
30.49800981,-53.02591000,0.00030519
30.51848981,-53.02591000,0.00030519
30.53896981,-53.02591000,0.00030519
30.55944981,-53.02591000,0.00030519
30.57992981,-57.51213000,0.00030519
30.60040981,-57.51213000,-0.08941923
30.62088981,-61.98309000,-0.08941923
30.64136981,-61.98309000,-0.08941923
30.66184981,-61.98309000,-0.17914370
30.68232981,-66.46931000,-0.17914370
30.70280981,-66.46931000,-0.17914370
30.72328981,-70.95554000,-0.26917330
30.74376981,-70.95554000,-0.26917330
30.76424981,-70.95554000,-0.26917330
30.78472981,-79.91272000,-0.35889770
30.80520981,-79.91272000,-0.35889770
30.82568981,-79.91272000,-0.35889770
30.84616981,-79.91272000,-0.35889770
30.86664981,-84.39894000,-0.35889770
30.88712981,-84.39894000,-0.44892730
30.90760981,-88.86990000,-0.44892730
30.92808981,-88.86990000,-0.44892730
30.94856981,-88.86990000,-0.44892730
30.96904981,-93.35612000,-0.53895690
30.98952981,-93.35612000,-0.53895690
31.01000981,-97.82708000,-0.62868130
31.03048981,-97.82708000,-0.62868130
31.05096981,-97.82708000,-0.62868130
31.07144981,-102.31330000,-0.62868130
31.09192981,-102.31330000,-0.71871090
31.11240981,-106.79950000,-0.71871090
31.13288981,-106.79950000,-0.71871090
31.15336981,-106.79950000,-0.80874050
31.17384981,-111.27050000,-0.80874050
31.19432981,-115.75670000,-0.80874050
31.21480981,-115.75670000,-0.80874050
31.23528981,-115.75670000,-0.80874050
31.25576981,-115.75670000,-0.89846490
31.27624981,-115.75670000,-0.89846490
31.29672981,-120.22770000,-0.89846490
31.31720981,-120.22770000,-0.98849450
31.33768981,-124.71390000,-0.98849450
31.35816981,-124.71390000,-0.98849450
31.37864981,-124.71390000,-1.07852400
31.39912981,-124.71390000,-1.07852400
31.41960981,-129.20010000,-1.07852400
31.44008981,-133.67110000,-1.07852400
31.46056981,-133.67110000,-1.16824900
31.48104981,-133.67110000,-1.16824900
31.50152981,-133.67110000,-1.16824900
31.52200981,-138.15730000,-1.16824900
31.54248981,-138.15730000,-1.25827800
31.56296981,-142.62830000,-1.25827800
31.58344981,-142.62830000,-1.25827800
31.60392981,-142.62830000,-1.34830800
31.62440981,-147.11450000,-1.25827800
31.64488981,-151.60070000,-1.34830800
31.66536981,-151.60070000,-1.34830800
31.68584981,-151.60070000,-1.34830800
31.70632981,-156.07170000,-1.43803200
31.72680981,-156.07170000,-1.43803200
31.74728981,-160.55790000,-1.43803200
31.76776981,-160.55790000,-1.43803200
31.78824981,-160.55790000,-1.52806200
31.80872981,-165.02880000,-1.52806200
31.82920981,-165.02880000,-1.52806200
31.84968981,-169.51510000,-1.52806200
31.87016981,-169.51510000,-1.61809100
31.89064981,-169.51510000,-1.61809100
31.91112980,-174.00130000,-1.70781600
31.93160980,-174.00130000,-1.61809100
31.95208980,-178.47220000,-1.70781600
31.97256980,-178.47220000,-1.70781600
31.99304980,-178.47220000,-1.79784500
32.01352980,-178.47220000,-1.79784500
32.03400980,-182.95850000,-1.79784500
32.05448980,-187.44470000,-1.79784500
32.07496980,-187.44470000,-1.79784500
32.09544980,-187.44470000,-1.88787500
32.11592980,-191.91560000,-1.88787500
32.13640980,-191.91560000,-1.88787500
32.15688980,-191.91560000,-1.88787500
32.17736980,-196.40190000,-1.88787500
32.19784980,-196.40190000,-1.97759900
32.21832980,-196.40190000,-1.97759900
32.23880980,-200.87280000,-1.97759900
32.25928980,-200.87280000,-2.06762900
32.27976980,-205.35910000,-2.06762900
32.30024980,-205.35910000,-2.06762900
32.32072980,-205.35910000,-2.06762900
32.34120980,-205.35910000,-2.15765900
32.36168980,-209.84530000,-2.15765900
32.38216980,-214.31620000,-2.15765900
32.40264980,-214.31620000,-2.15765900
32.42312980,-214.31620000,-2.15765900
32.44360980,-218.80250000,-2.15765900
32.46408980,-223.27340000,-2.24738300
32.48456980,-223.27340000,-2.24738300
32.50504980,-223.27340000,-2.24738300
32.52552980,-223.27340000,-2.24738300
32.54600980,-227.75960000,-2.33741300
32.56648980,-227.75960000,-2.33741300
32.58696980,-227.75960000,-2.33741300
32.60744980,-232.24580000,-2.33741300
32.62792980,-232.24580000,-2.33741300
32.64840980,-232.24580000,-2.42744200
32.66888980,-232.24580000,-2.42744200
32.68936980,-236.71680000,-2.42744200
32.70984980,-236.71680000,-2.42744200
32.73032980,-241.20300000,-2.51716700
32.75080980,-241.20300000,-2.51716700
32.77128980,-241.20300000,-2.51716700
32.79176980,-245.67400000,-2.51716700
32.81224980,-245.67400000,-2.51716700
32.83272980,-250.16020000,-2.51716700
32.85320980,-250.16020000,-2.60719600
32.87368980,-250.16020000,-2.60719600
32.89416980,-250.16020000,-2.60719600
32.91464980,-254.64640000,-2.60719600
32.93512980,-259.11740000,-2.69722600
32.95560980,-259.11740000,-2.69722600
32.97608980,-259.11740000,-2.69722600
32.99656980,-259.11740000,-2.78695000
33.01704980,-259.11740000,-2.69722600
33.03752980,-263.60360000,-2.78695000
33.05800980,-263.60360000,-2.78695000
33.07848980,-268.08980000,-2.78695000
33.09896980,-268.08980000,-2.87698000
33.11944980,-268.08980000,-2.87698000
33.13992980,-268.08980000,-2.87698000
33.16040980,-272.56080000,-2.87698000
33.18088980,-272.56080000,-2.87698000
33.20136980,-277.04700000,-2.87698000
33.22184980,-277.04700000,-2.96701000
33.24232980,-277.04700000,-2.96701000
33.26280980,-277.04700000,-2.96701000
33.28328980,-277.04700000,-2.96701000
33.30376980,-277.04700000,-2.96701000
33.32424980,-281.51800000,-2.96701000
33.34472980,-281.51800000,-2.96701000
33.36520980,-281.51800000,-3.05673400
33.38568980,-286.00420000,-3.05673400
33.40616980,-286.00420000,-3.05673400
33.42664980,-286.00420000,-3.05673400
33.44712980,-286.00420000,-3.05673400
33.46760980,-286.00420000,-3.14676300
33.48808980,-286.00420000,-3.14676300
33.50856980,-290.49040000,-3.14676300
33.52904980,-290.49040000,-3.14676300
33.54952979,-290.49040000,-3.14676300
33.57000979,-294.96140000,-3.14676300
33.59048979,-294.96140000,-3.14676300
33.61096979,-294.96140000,-3.23648800
33.63144979,-294.96140000,-3.23648800
33.65192979,-294.96140000,-3.23648800
33.67240979,-294.96140000,-3.23648800
33.69288979,-294.96140000,-3.23648800
33.71336979,-294.96140000,-3.23648800
33.73384979,-294.96140000,-3.23648800
33.75432979,-294.96140000,-3.23648800
33.77480979,-299.44760000,-3.32651800
33.79528979,-299.44760000,-3.32651800
33.81576979,-299.44760000,-3.23648800
33.83624979,-299.44760000,-3.32651800
33.85672979,-299.44760000,-3.32651800
33.87720979,-303.91860000,-3.32651800
33.89768979,-303.91860000,-3.32651800
33.91816979,-303.91860000,-3.32651800
33.93864979,-303.91860000,-3.41654700
33.95912979,-303.91860000,-3.41654700
33.97960979,-303.91860000,-3.41654700
34.00008979,-303.91860000,-3.50627200
34.02056979,-308.40480000,-3.68633100
34.04104979,-303.91860000,-3.77605500
34.06152979,-308.40480000,-3.95611400
34.08200979,-303.91860000,-4.22589800
34.10248979,-308.40480000,-4.40565200
34.12296979,-312.89100000,-4.67543600
34.14344979,-308.40480000,-4.85519000
34.16392979,-312.89100000,-5.12497300
34.18440979,-308.40480000,-5.30503300
34.20488979,-312.89100000,-5.39475700
34.22536979,-312.89100000,-5.66454000
34.24584979,-312.89100000,-5.75457000
34.26632979,-312.89100000,-5.84460000
34.28680979,-312.89100000,-5.84460000
34.30728979,-312.89100000,-5.93432400
34.32776979,-312.89100000,-6.02435400
34.34824979,-312.89100000,-6.02435400
34.36872979,-312.89100000,-6.02435400
34.38920979,-312.89100000,-6.02435400
34.40968979,-312.89100000,-5.93432400
34.43016979,-312.89100000,-5.93432400
34.45064979,-312.89100000,-5.93432400
34.47112979,-312.89100000,-5.84460000
34.49160979,-312.89100000,-5.75457000
34.51208979,-312.89100000,-5.75457000
34.53256979,-312.89100000,-5.66454000
34.55304979,-312.89100000,-5.57481600
34.57352979,-312.89100000,-5.48478700
34.59400979,-312.89100000,-5.39475700
34.61448979,-312.89100000,-5.39475700
34.63496979,-312.89100000,-5.30503300
34.65544979,-312.89100000,-5.21500300
34.67592979,-312.89100000,-5.21500300
34.69640979,-317.36200000,-5.21500300
34.71688979,-317.36200000,-5.12497300
34.73736979,-312.89100000,-5.03524900
34.75784979,-317.36200000,-5.03524900
34.77832979,-312.89100000,-5.03524900
34.79880979,-317.36200000,-4.94521900
34.81928979,-317.36200000,-4.94521900
34.83976979,-317.36200000,-4.85519000
34.86024979,-317.36200000,-4.94521900
34.88072979,-317.36200000,-4.94521900
34.90120979,-312.89100000,-4.85519000
34.92168979,-317.36200000,-4.76546500
34.94216979,-317.36200000,-4.76546500
34.96264979,-317.36200000,-4.76546500
34.98312979,-317.36200000,-4.67543600
35.00360979,-317.36200000,-4.67543600
35.02408979,-317.36200000,-4.76546500
35.04456979,-317.36200000,-4.67543600
35.06504979,-317.36200000,-4.67543600
35.08552979,-317.36200000,-4.67543600
35.10600979,-317.36200000,-4.67543600
35.12648979,-317.36200000,-4.67543600
35.14696979,-317.36200000,-4.67543600
35.16744979,-317.36200000,-4.58540600
35.18792979,-317.36200000,-4.58540600
35.20840978,-317.36200000,-4.58540600
35.22888978,-317.36200000,-4.58540600
35.24936978,-317.36200000,-4.49568200
35.26984978,-321.84820000,-4.49568200
35.29032978,-317.36200000,-4.40565200
35.31080978,-317.36200000,-4.40565200
35.33128978,-317.36200000,-4.40565200
35.35176978,-321.84820000,-4.40565200
35.37224978,-317.36200000,-4.31562200
35.39272978,-317.36200000,-4.31562200
35.41320978,-317.36200000,-4.31562200
35.43368978,-317.36200000,-4.31562200
35.45416978,-317.36200000,-4.22589800
35.47464978,-317.36200000,-4.13586900
35.49512978,-317.36200000,-4.13586900
35.51560978,-321.84820000,-4.13586900
35.53608978,-321.84820000,-4.04583900
35.55656978,-317.36200000,-4.04583900
35.57704978,-317.36200000,-4.04583900
35.59752978,-317.36200000,-3.95611400
35.61800978,-317.36200000,-3.95611400
35.63848978,-321.84820000,-3.95611400
35.65896978,-317.36200000,-3.95611400
35.67944978,-317.36200000,-3.86608500
35.69992978,-317.36200000,-3.86608500
35.72040978,-317.36200000,-3.86608500
35.74088978,-317.36200000,-3.77605500
35.76136978,-317.36200000,-3.77605500
35.78184978,-317.36200000,-3.77605500
35.80232978,-317.36200000,-3.77605500
35.82280978,-317.36200000,-3.68633100
35.84328978,-317.36200000,-3.68633100
35.86376978,-317.36200000,-3.77605500
35.88424978,-312.89100000,-3.68633100
35.90472978,-317.36200000,-3.77605500
35.92520978,-317.36200000,-3.68633100
35.94568978,-312.89100000,-3.77605500
35.96616978,-312.89100000,-3.77605500
35.98664978,-317.36200000,-3.77605500
36.00712978,-312.89100000,-3.77605500
36.02760978,-317.36200000,-3.77605500
36.04808978,-312.89100000,-3.77605500
36.06856978,-312.89100000,-3.68633100
36.08904978,-312.89100000,-3.77605500
36.10952978,-312.89100000,-3.77605500
36.13000978,-312.89100000,-3.68633100
36.15048978,-312.89100000,-3.68633100
36.17096978,-312.89100000,-3.77605500
36.19144978,-312.89100000,-3.77605500
36.21192978,-312.89100000,-3.77605500
36.23240978,-312.89100000,-3.77605500
36.25288978,-312.89100000,-3.77605500
36.27336978,-308.40480000,-3.77605500
36.29384978,-312.89100000,-3.77605500
36.31432978,-308.40480000,-3.77605500
36.33480978,-303.91860000,-3.68633100
36.35528978,-303.91860000,-3.77605500
36.37576978,-303.91860000,-3.77605500
36.39624978,-303.91860000,-3.68633100
36.41672978,-299.44760000,-3.68633100
36.43720978,-299.44760000,-3.68633100
36.45768978,-299.44760000,-3.68633100
36.47816978,-294.96140000,-3.68633100
36.49864978,-294.96140000,-3.68633100
36.51912978,-294.96140000,-3.68633100
36.53960978,-294.96140000,-3.68633100
36.56008978,-290.49040000,-3.68633100
36.58056978,-290.49040000,-3.68633100
36.60104978,-286.00420000,-3.68633100
36.62152978,-286.00420000,-3.68633100
36.64200978,-286.00420000,-3.59630100
36.66248978,-286.00420000,-3.68633100
36.68296978,-281.51800000,-3.68633100
36.70344978,-286.00420000,-3.59630100
36.72392978,-277.04700000,-3.59630100
36.74440978,-277.04700000,-3.59630100
36.76488978,-277.04700000,-3.59630100
36.78536978,-277.04700000,-3.59630100
36.80584978,-277.04700000,-3.59630100
36.82632978,-277.04700000,-3.59630100
36.84680977,-272.56080000,-3.59630100
36.86728977,-268.08980000,-3.59630100
36.88776977,-268.08980000,-3.59630100
36.90824977,-268.08980000,-3.59630100
36.92872977,-268.08980000,-3.59630100
36.94920977,-268.08980000,-3.50627200
36.96968977,-263.60360000,-3.50627200
36.99016977,-263.60360000,-3.50627200
37.01064977,-263.60360000,-3.50627200
37.03112977,-259.11740000,-3.50627200
37.05160977,-259.11740000,-3.41654700
37.07208977,-259.11740000,-3.50627200
37.09256977,-259.11740000,-3.50627200
37.11304977,-254.64640000,-3.50627200
37.13352977,-254.64640000,-3.41654700
37.15400977,-254.64640000,-3.41654700
37.17448977,-250.16020000,-3.41654700
37.19496977,-250.16020000,-3.41654700
37.21544977,-250.16020000,-3.32651800
37.23592977,-250.16020000,-3.32651800
37.25640977,-245.67400000,-3.32651800
37.27688977,-245.67400000,-3.32651800
37.29736977,-245.67400000,-3.32651800
37.31784977,-241.20300000,-3.32651800
37.33832977,-241.20300000,-3.32651800
37.35880977,-241.20300000,-3.32651800
37.37928977,-241.20300000,-3.23648800
37.39976977,-236.71680000,-3.23648800
37.42024977,-241.20300000,-3.23648800
37.44072977,-236.71680000,-3.23648800
37.46120977,-232.24580000,-3.23648800
37.48168977,-232.24580000,-3.23648800
37.50216977,-232.24580000,-3.23648800
37.52264977,-232.24580000,-3.23648800
37.54312977,-227.75960000,-3.23648800
37.56360977,-227.75960000,-3.23648800
37.58408977,-227.75960000,-3.23648800
37.60456977,-223.27340000,-3.23648800
37.62504977,-223.27340000,-3.14676300
37.64552977,-218.80250000,-3.14676300
37.66600977,-218.80250000,-3.14676300
37.68648977,-218.80250000,-3.14676300
37.70696977,-214.31620000,-3.14676300
37.72744977,-214.31620000,-3.14676300
37.74792977,-214.31620000,-3.14676300
37.76840977,-209.84530000,-3.14676300
37.78888977,-209.84530000,-3.05673400
37.80936977,-205.35910000,-3.05673400
37.82984977,-205.35910000,-3.05673400
37.85032977,-205.35910000,-3.05673400
37.87080977,-205.35910000,-3.05673400
37.89128977,-205.35910000,-3.05673400
37.91176977,-200.87280000,-3.05673400
37.93224977,-196.40190000,-2.96701000
37.95272977,-196.40190000,-2.96701000
37.97320977,-196.40190000,-2.96701000
37.99368977,-191.91560000,-2.96701000
38.01416977,-191.91560000,-2.96701000
38.03464977,-187.44470000,-2.96701000
38.05512977,-187.44470000,-2.87698000
38.07560977,-187.44470000,-2.87698000
38.09608977,-187.44470000,-2.87698000
38.11656977,-187.44470000,-2.87698000
38.13704977,-182.95850000,-2.87698000
38.15752977,-178.47220000,-2.87698000
38.17800977,-178.47220000,-2.87698000
38.19848977,-178.47220000,-2.87698000
38.21896977,-178.47220000,-2.78695000
38.23944977,-174.00130000,-2.78695000
38.25992977,-169.51510000,-2.78695000
38.28040977,-169.51510000,-2.78695000
38.30088977,-169.51510000,-2.78695000
38.32136977,-169.51510000,-2.78695000
38.34184977,-165.02880000,-2.69722600
38.36232977,-165.02880000,-2.78695000
38.38280977,-160.55790000,-2.69722600
38.40328977,-160.55790000,-2.69722600
38.42376977,-160.55790000,-2.69722600
38.44424977,-156.07170000,-2.69722600
38.46472977,-156.07170000,-2.69722600
38.48520976,-151.60070000,-2.60719600
38.50568976,-151.60070000,-2.69722600
38.52616976,-151.60070000,-2.51716700
38.54664976,-142.62830000,-2.60719600
38.56712976,-142.62830000,-2.51716700
38.58760976,-142.62830000,-2.51716700
38.60808976,-142.62830000,-2.51716700
38.62856976,-138.15730000,-2.51716700
38.64904976,-138.15730000,-2.51716700
38.66952976,-133.67110000,-2.51716700
38.69000976,-133.67110000,-2.51716700
38.71048976,-133.67110000,-2.42744200
38.73096976,-133.67110000,-2.42744200
38.75144976,-124.71390000,-2.42744200
38.77192976,-124.71390000,-2.42744200
38.79240976,-120.22770000,-2.42744200
38.81288976,-120.22770000,-2.42744200
38.83336976,-115.75670000,-2.33741300
38.85384976,-115.75670000,-2.33741300
38.87432976,-115.75670000,-2.33741300
38.89480976,-115.75670000,-2.33741300
38.91528976,-111.27050000,-2.33741300
38.93576976,-106.79950000,-2.33741300
38.95624976,-106.79950000,-2.24738300
38.97672976,-106.79950000,-2.24738300
38.99720976,-102.31330000,-2.24738300
39.01768976,-102.31330000,-2.24738300
39.03816976,-97.82708000,-2.24738300
39.05864976,-97.82708000,-2.24738300
39.07912976,-97.82708000,-2.15765900
39.09960976,-97.82708000,-2.15765900
39.12008976,-88.86990000,-2.15765900
39.14056976,-88.86990000,-2.15765900
39.16104976,-88.86990000,-2.15765900
39.18152976,-88.86990000,-2.15765900
39.20200976,-88.86990000,-2.15765900
39.22248976,-84.39894000,-2.15765900
39.24296976,-79.91272000,-2.06762900
39.26344976,-79.91272000,-2.06762900
39.28392976,-79.91272000,-2.06762900
39.30440976,-75.42650000,-2.06762900
39.32488976,-75.42650000,-2.06762900
39.34536976,-75.42650000,-2.06762900
39.36584976,-70.95554000,-1.97759900
39.38632976,-70.95554000,-1.97759900
39.40680976,-66.46931000,-1.97759900
39.42728976,-66.46931000,-1.97759900
39.44776976,-61.98309000,-1.97759900
39.46824976,-61.98309000,-1.88787500
39.48872976,-61.98309000,-1.88787500
39.50920976,-57.51213000,-1.88787500
39.52968976,-57.51213000,-1.88787500
39.55016976,-53.02591000,-1.79784500
39.57064976,-53.02591000,-1.79784500
39.59112976,-48.55495000,-1.88787500
39.61160976,-48.55495000,-1.79784500
39.63208976,-44.06873000,-1.79784500
39.65256976,-44.06873000,-1.79784500
39.67304976,-44.06873000,-1.79784500
39.69352976,-35.11155000,-1.79784500
39.71400976,-35.11155000,-1.70781600
39.73448976,-35.11155000,-1.70781600
39.75496976,-30.62533000,-1.70781600
39.77544976,-30.62533000,-1.70781600
39.79592976,-26.15436000,-1.70781600
39.81640976,-26.15436000,-1.61809100
39.83688976,-21.66814000,-1.61809100
39.85736976,-21.66814000,-1.61809100
39.87784976,-17.18192000,-1.61809100
39.89832976,-17.18192000,-1.52806200
39.91880976,-17.18192000,-1.52806200
39.93928976,-12.71096000,-1.52806200
39.95976976,-8.22473800,-1.52806200
39.98024976,-8.22473800,-1.43803200
40.00072976,-8.22473800,-1.43803200
40.02120976,-8.22473800,-1.43803200
40.04168976,-3.75377700,-1.43803200
40.06216976,0.73244420,-1.34830800
40.08264976,0.73244420,-1.34830800
40.10312976,5.21866500,-1.25827800
40.12360976,5.21866500,-1.34830800
40.14408975,9.68962700,-1.25827800
40.16456975,9.68962700,-1.25827800
40.18504975,14.17585000,-1.25827800
40.20552975,14.17585000,-1.16824900
40.22600975,18.64681000,-1.16824900
40.24648975,18.64681000,-1.16824900
40.26696975,23.11777000,-1.07852400
40.28744975,23.11777000,-1.07852400
40.30792975,23.11777000,-1.07852400
40.32840975,27.60399000,-1.07852400
40.34888975,32.07495000,-0.98849450
40.36936975,32.07495000,-0.98849450
40.38984975,36.56117000,-0.98849450
40.41032975,36.56117000,-0.89846490
40.43080975,36.56117000,-0.89846490
40.45128975,45.51836000,-0.89846490
40.47176975,45.51836000,-0.80874050
40.49224975,45.51836000,-0.80874050
40.51272975,45.51836000,-0.80874050
40.53320975,50.00458000,-0.71871090
40.55368975,54.47554000,-0.71871090
40.57416975,54.47554000,-0.71871090
40.59464975,54.47554000,-0.71871090
40.61512975,54.47554000,-0.62868130
40.63560975,58.96176000,-0.53895690
40.65608975,58.96176000,-0.53895690
40.67656975,58.96176000,-0.53895690
40.69704975,63.44798000,-0.44892730
40.71752975,63.44798000,-0.44892730
40.73800975,67.91895000,-0.44892730
40.75848975,72.40517000,-0.44892730
40.77896975,72.40517000,-0.35889770
40.79944975,72.40517000,-0.35889770
40.81992975,76.87613000,-0.35889770
40.84040975,76.87613000,-0.26917330
40.86088975,81.36235000,-0.17914370
40.88136975,81.36235000,-0.17914370
40.90184975,81.36235000,-0.17914370
40.92232975,81.36235000,-0.08941923
40.94280975,85.84857000,-0.08941923
40.96328975,90.31953000,-0.08941923
40.98376975,90.31953000,-0.08941923
41.00424975,90.31953000,0.00030519
41.02472975,94.80575000,0.00030519
41.04520975,94.80575000,0.00030519
41.06568975,94.80575000,0.09033479
41.08616975,99.27671000,0.18005920
41.10664975,99.27671000,0.18005920
41.12712975,99.27671000,0.09033479
41.14760975,103.76290000,0.18005920
41.16808975,103.76290000,0.27008880
41.18856975,108.24920000,0.27008880
41.20904975,112.72010000,0.36011840
41.22952975,108.24920000,0.36011840
41.25000975,112.72010000,0.36011840
41.27048975,112.72010000,0.36011840
41.29096975,117.20630000,0.44984280
41.31144975,117.20630000,0.44984280
41.33192975,117.20630000,0.44984280
41.35240975,117.20630000,0.53987240
41.37288975,121.69260000,0.53987240
41.39336975,126.16350000,0.53987240
41.41384975,126.16350000,0.62990200
41.43432975,126.16350000,0.62990200
41.45480975,130.64970000,0.71962650
41.47528975,130.64970000,0.62990200
41.49576975,130.64970000,0.71962650
41.51624975,135.12070000,0.71962650
41.53672975,135.12070000,0.80965610
41.55720975,139.60690000,0.80965610
41.57768975,139.60690000,0.89968560
41.59816975,139.60690000,0.89968560
41.61864975,144.09310000,0.89968560
41.63912975,144.09310000,0.98941000
41.65960975,148.56410000,0.98941000
41.68008975,148.56410000,1.07944000
41.70056975,148.56410000,1.07944000
41.72104975,153.05030000,1.07944000
41.74152975,153.05030000,1.07944000
41.76200975,153.05030000,1.16946900
41.78248974,157.52130000,1.16946900
41.80296974,162.00750000,1.16946900
41.82344974,162.00750000,1.16946900
41.84392974,162.00750000,1.25919400
41.86440974,166.49370000,1.25919400
41.88488974,166.49370000,1.34922300
41.90536974,166.49370000,1.34922300
41.92584974,166.49370000,1.34922300
41.94632974,170.96470000,1.43925300
41.96680974,170.96470000,1.43925300
41.98728974,170.96470000,1.43925300
42.00776974,175.45090000,1.43925300
42.02824974,179.92190000,1.52897700
42.04872974,179.92190000,1.52897700
42.06920974,179.92190000,1.52897700
42.08968974,179.92190000,1.52897700
42.11016974,188.89430000,1.61900700
42.13064974,188.89430000,1.61900700
42.15112974,188.89430000,1.70903700
42.17160974,188.89430000,1.70903700
42.19208974,193.36530000,1.70903700
42.21256974,193.36530000,1.79876100
42.23304974,197.85150000,1.79876100
42.25352974,197.85150000,1.79876100
42.27400974,197.85150000,1.79876100
42.29448974,197.85150000,1.88879100
42.31496974,202.32250000,1.88879100
42.33544974,206.80870000,1.88879100
42.35592974,206.80870000,1.97882000
42.37640974,206.80870000,1.97882000
42.39688974,206.80870000,2.06854500
42.41736974,211.29490000,2.06854500
42.43784974,215.76590000,2.06854500
42.45832974,215.76590000,2.06854500
42.47880974,215.76590000,2.06854500
42.49928974,215.76590000,2.15857400
42.51976974,220.25210000,2.15857400
42.54024974,220.25210000,2.15857400
42.56072974,224.73830000,2.15857400
42.58120974,224.73830000,2.24860400
42.60168974,224.73830000,2.33832800
42.62216974,224.73830000,2.33832800
42.64264974,229.20930000,2.33832800
42.66312974,229.20930000,2.42835800
42.68360974,233.69550000,2.42835800
42.70408974,233.69550000,2.42835800
42.72456974,233.69550000,2.42835800
42.74504974,233.69550000,2.51838700
42.76552974,238.16650000,2.51838700
42.78600974,238.16650000,2.51838700
42.80648974,242.65270000,2.51838700
42.82696974,242.65270000,2.60811200
42.84744974,242.65270000,2.60811200
42.86792974,242.65270000,2.60811200
42.88840974,251.60980000,2.60811200
42.90888974,247.13890000,2.60811200
42.92936974,251.60980000,2.69814100
42.94984974,251.60980000,2.69814100
42.97032974,251.60980000,2.78817100
42.99080974,256.09610000,2.87789600
43.01128974,256.09610000,2.87789600
43.03176974,256.09610000,2.87789600
43.05224974,260.56700000,2.87789600
43.07272974,260.56700000,2.87789600
43.09320974,260.56700000,2.96792500
43.11368974,260.56700000,2.96792500
43.13416974,269.53950000,2.96792500
43.15464974,265.05330000,2.96792500
43.17512974,269.53950000,3.05764900
43.19560974,269.53950000,3.05764900
43.21608974,269.53950000,3.05764900
43.23656974,269.53950000,3.05764900
43.25704974,269.53950000,3.14767900
43.27752974,274.01040000,3.05764900
43.29800974,278.49660000,3.14767900
43.31848974,278.49660000,3.23770900
43.33896974,278.49660000,3.14767900
43.35944974,278.49660000,3.23770900
43.37992974,278.49660000,3.23770900
43.40040974,278.49660000,3.23770900
43.42088973,278.49660000,3.23770900
43.44136973,282.96760000,3.32743300
43.46184973,278.49660000,3.32743300
43.48232973,282.96760000,3.32743300
43.50280973,282.96760000,3.32743300
43.52328973,287.45390000,3.41746300
43.54376973,287.45390000,3.41746300
43.56424973,287.45390000,3.41746300
43.58472973,287.45390000,3.50749200
43.60520973,291.94010000,3.50749200
43.62568973,287.45390000,3.41746300
43.64616973,291.94010000,3.50749200
43.66664973,291.94010000,3.50749200
43.68712973,291.94010000,3.50749200
43.70760973,291.94010000,3.50749200
43.72808973,296.41100000,3.59721700
43.74856973,296.41100000,3.59721700
43.76904973,291.94010000,3.59721700
43.78952973,296.41100000,3.68724600
43.81000973,296.41100000,3.68724600
43.83048973,296.41100000,3.68724600
43.85096973,296.41100000,3.68724600
43.87144973,296.41100000,3.68724600
43.89192973,296.41100000,3.59721700
43.91240973,296.41100000,3.68724600
43.93288973,296.41100000,3.68724600
43.95336973,300.89720000,3.77727600
43.97384973,300.89720000,3.68724600
43.99432973,300.89720000,3.77727600
44.01480973,300.89720000,3.77727600
44.03528973,305.38350000,3.86700000
44.05576973,305.38350000,3.95703000
44.07624973,305.38350000,4.04706000
44.09672973,305.38350000,4.22681400
44.11720973,305.38350000,4.40656800
44.13768973,305.38350000,4.58662700
44.15816973,305.38350000,4.85641100
44.17864973,305.38350000,5.03616400
44.19912973,305.38350000,5.21591900
44.21960973,305.38350000,5.39597700
44.24008973,305.38350000,5.48570200
44.26056973,305.38350000,5.66576100
44.28104973,305.38350000,5.75548600
44.30152973,309.85440000,5.84551500
44.32200973,305.38350000,5.84551500
44.34248973,305.38350000,5.93524000
44.36296973,305.38350000,5.93524000
44.38344973,305.38350000,6.02526900
44.40392973,309.85440000,6.02526900
44.42440973,305.38350000,6.02526900
44.44488973,305.38350000,6.11529900
44.46536973,305.38350000,6.02526900
44.48584973,305.38350000,6.02526900
44.50632973,309.85440000,6.11529900
44.52680973,309.85440000,6.02526900
44.54728973,305.38350000,5.93524000
44.56776973,309.85440000,5.84551500
44.58824973,309.85440000,5.84551500
44.60872973,309.85440000,5.75548600
44.62920973,309.85440000,5.75548600
44.64968973,309.85440000,5.75548600
44.67016973,309.85440000,5.75548600
44.69064973,309.85440000,5.66576100
44.71112973,309.85440000,5.66576100
44.73160973,309.85440000,5.57573100
44.75208973,309.85440000,5.57573100
44.77256973,309.85440000,5.48570200
44.79304973,309.85440000,5.48570200
44.81352973,309.85440000,5.39597700
44.83400973,314.34060000,5.39597700
44.85448973,309.85440000,5.39597700
44.87496973,314.34060000,5.39597700
44.89544973,309.85440000,5.39597700
44.91592973,314.34060000,5.39597700
44.93640973,309.85440000,5.39597700
44.95688973,309.85440000,5.39597700
44.97736973,309.85440000,5.39597700
44.99784973,309.85440000,5.30594800
45.01832973,314.34060000,5.30594800
45.03880973,314.34060000,5.30594800
45.05928973,314.34060000,5.30594800
45.07976972,314.34060000,5.21591900
45.10024972,314.34060000,5.21591900
45.12072972,314.34060000,5.21591900
45.14120972,309.85440000,5.21591900
45.16168972,314.34060000,5.21591900
45.18216972,314.34060000,5.21591900
45.20264972,314.34060000,5.21591900
45.22312972,314.34060000,5.12619400
45.24360972,314.34060000,5.03616400
45.26408972,314.34060000,5.03616400
45.28456972,314.34060000,5.03616400
45.30504972,314.34060000,5.03616400
45.32552972,309.85440000,4.94613500
45.34600972,314.34060000,4.94613500
45.36648972,309.85440000,4.85641100
45.38696972,314.34060000,4.85641100
45.40744972,314.34060000,4.85641100
45.42792972,309.85440000,4.85641100
45.44840972,314.34060000,4.85641100
45.46888972,314.34060000,4.76638100
45.48936972,314.34060000,4.76638100
45.50984972,314.34060000,4.67635100
45.53032972,314.34060000,4.67635100
45.55080972,309.85440000,4.58662700
45.57128972,314.34060000,4.67635100
45.59176972,309.85440000,4.58662700
45.61224972,314.34060000,4.58662700
45.63272972,314.34060000,4.58662700
45.65320972,314.34060000,4.49659700
45.67368972,314.34060000,4.49659700
45.69416972,314.34060000,4.49659700
45.71464972,314.34060000,4.49659700
45.73512972,309.85440000,4.40656800
45.75560972,309.85440000,4.40656800
45.77608972,314.34060000,4.31684300
45.79656972,314.34060000,4.31684300
45.81704972,309.85440000,4.31684300
45.83752972,314.34060000,4.31684300
45.85800972,309.85440000,4.31684300
45.87848972,309.85440000,4.40656800
45.89896972,309.85440000,4.31684300
45.91944972,309.85440000,4.40656800
45.93992972,309.85440000,4.40656800
45.96040972,309.85440000,4.40656800
45.98088972,309.85440000,4.31684300
46.00136972,309.85440000,4.31684300
46.02184972,309.85440000,4.31684300
46.04232972,309.85440000,4.31684300
46.06280972,309.85440000,4.31684300
46.08328972,309.85440000,4.31684300
46.10376972,309.85440000,4.31684300
46.12424972,309.85440000,4.31684300
46.14472972,305.38350000,4.31684300
46.16520972,305.38350000,4.31684300
46.18568972,305.38350000,4.31684300
46.20616972,305.38350000,4.31684300
46.22664972,305.38350000,4.31684300
46.24712972,305.38350000,4.22681400
46.26760972,305.38350000,4.22681400
46.28808972,305.38350000,4.31684300
46.30856972,305.38350000,4.31684300
46.32904972,305.38350000,4.22681400
46.34952972,296.41100000,4.31684300
46.37000972,300.89720000,4.31684300
46.39048972,296.41100000,4.31684300
46.41096972,296.41100000,4.31684300
46.43144972,296.41100000,4.22681400
46.45192972,296.41100000,4.22681400
46.47240972,296.41100000,4.22681400
46.49288972,291.94010000,4.22681400
46.51336972,291.94010000,4.13678400
46.53384972,291.94010000,4.13678400
46.55432972,287.45390000,4.13678400
46.57480972,287.45390000,4.13678400
46.59528972,287.45390000,4.13678400
46.61576972,278.49660000,4.22681400
46.63624972,278.49660000,4.22681400
46.65672972,278.49660000,4.13678400
46.67720972,278.49660000,4.04706000
46.69768972,278.49660000,4.04706000
46.71816971,278.49660000,4.04706000
46.73864971,274.01040000,4.04706000
46.75912971,274.01040000,4.04706000
46.77960971,269.53950000,4.04706000
46.80008971,269.53950000,3.95703000
46.82056971,269.53950000,4.04706000
46.84104971,269.53950000,4.04706000
46.86152971,269.53950000,4.04706000
46.88200971,265.05330000,3.95703000
46.90248971,260.56700000,3.95703000
46.92296971,260.56700000,3.86700000
46.94344971,260.56700000,3.86700000
46.96392971,260.56700000,3.77727600
46.98440971,256.09610000,3.86700000
47.00488971,256.09610000,3.77727600
47.02536971,251.60980000,3.77727600
47.04584971,251.60980000,3.77727600
47.06632971,251.60980000,3.77727600
47.08680971,251.60980000,3.77727600
47.10728971,251.60980000,3.77727600
47.12776971,251.60980000,3.77727600
47.14824971,251.60980000,3.68724600
47.16872971,247.13890000,3.68724600
47.18920971,242.65270000,3.68724600
47.20968971,242.65270000,3.68724600
47.23016971,242.65270000,3.68724600
47.25064971,242.65270000,3.68724600
47.27112971,242.65270000,3.59721700
47.29160971,242.65270000,3.59721700
47.31208971,238.16650000,3.59721700
47.33256971,233.69550000,3.68724600
47.35304971,238.16650000,3.59721700
47.37352971,233.69550000,3.59721700
47.39400971,233.69550000,3.59721700
47.41448971,233.69550000,3.50749200
47.43496971,233.69550000,3.50749200
47.45544971,233.69550000,3.50749200
47.47592971,229.20930000,3.50749200
47.49640971,229.20930000,3.41746300
47.51688971,224.73830000,3.41746300
47.53736971,224.73830000,3.41746300
47.55784971,224.73830000,3.41746300
47.57832971,220.25210000,3.41746300
47.59880971,224.73830000,3.32743300
47.61928971,220.25210000,3.32743300
47.63976971,215.76590000,3.32743300
47.66024971,215.76590000,3.32743300
47.68072971,215.76590000,3.32743300
47.70120971,215.76590000,3.23770900
47.72168971,211.29490000,3.23770900
47.74216971,211.29490000,3.23770900
47.76264971,206.80870000,3.23770900
47.78312971,206.80870000,3.23770900
47.80360971,206.80870000,3.23770900
47.82408971,206.80870000,3.23770900
47.84456971,202.32250000,3.23770900
47.86504971,202.32250000,3.14767900
47.88552971,197.85150000,3.14767900
47.90600971,197.85150000,3.14767900
47.92648971,197.85150000,3.05764900
47.94696971,193.36530000,3.05764900
47.96744971,193.36530000,3.05764900
47.98792971,193.36530000,3.05764900
48.00840971,188.89430000,3.05764900
48.02888971,188.89430000,3.05764900
48.04936971,188.89430000,2.96792500
48.06984971,184.40810000,2.96792500
48.09032971,179.92190000,2.96792500
48.11080971,179.92190000,2.87789600
48.13128971,179.92190000,2.87789600
48.15176971,179.92190000,2.87789600
48.17224971,175.45090000,2.87789600
48.19272971,170.96470000,2.87789600
48.21320971,170.96470000,2.78817100
48.23368971,170.96470000,2.78817100
48.25416971,170.96470000,2.78817100
48.27464971,166.49370000,2.78817100
48.29512971,166.49370000,2.78817100
48.31560971,166.49370000,2.78817100
48.33608971,162.00750000,2.69814100
48.35656970,162.00750000,2.69814100
48.37704970,162.00750000,2.60811200
48.39752970,153.05030000,2.60811200
48.41800970,153.05030000,2.60811200
48.43848970,153.05030000,2.60811200
48.45896970,153.05030000,2.60811200
48.47944970,148.56410000,2.60811200
48.49992970,148.56410000,2.51838700
48.52040970,148.56410000,2.51838700
48.54088970,144.09310000,2.51838700
48.56136970,144.09310000,2.51838700
48.58184970,139.60690000,2.42835800
48.60232970,139.60690000,2.42835800
48.62280970,135.12070000,2.42835800
48.64328970,135.12070000,2.42835800
48.66376970,130.64970000,2.42835800
48.68424970,130.64970000,2.33832800
48.70472970,126.16350000,2.33832800
48.72520970,126.16350000,2.33832800
48.74568970,121.69260000,2.24860400
48.76616970,121.69260000,2.24860400
48.78664970,117.20630000,2.24860400
48.80712970,117.20630000,2.15857400
48.82760970,117.20630000,2.15857400
48.84808970,117.20630000,2.15857400
48.86856970,112.72010000,2.15857400
48.88904970,108.24920000,2.06854500
48.90952970,108.24920000,2.06854500
48.93000970,108.24920000,2.06854500
48.95048970,103.76290000,2.06854500
48.97096970,99.27671000,2.06854500
48.99144970,99.27671000,1.97882000
49.01192970,99.27671000,1.97882000
49.03240970,99.27671000,1.88879100
49.05288970,94.80575000,1.88879100
49.07336970,94.80575000,1.88879100
49.09384970,90.31953000,1.79876100
49.11432970,90.31953000,1.79876100
49.13480970,85.84857000,1.79876100
49.15528970,85.84857000,1.79876100
49.17576970,81.36235000,1.70903700
49.19624970,81.36235000,1.70903700
49.21672970,81.36235000,1.79876100
49.23720970,81.36235000,1.70903700
49.25768970,76.87613000,1.70903700
49.27816970,76.87613000,1.61900700
49.29864970,72.40517000,1.61900700
49.31912970,72.40517000,1.61900700
49.33960970,72.40517000,1.52897700
49.36008970,67.91895000,1.52897700
49.38056970,67.91895000,1.52897700
49.40104970,63.44798000,1.52897700
49.42152970,63.44798000,1.52897700
49.44200970,63.44798000,1.52897700
49.46248970,58.96176000,1.43925300
49.48296970,58.96176000,1.43925300
49.50344970,54.47554000,1.43925300
49.52392970,54.47554000,1.43925300
49.54440970,50.00458000,1.34922300
49.56488970,50.00458000,1.34922300
49.58536970,45.51836000,1.34922300
49.60584970,45.51836000,1.34922300
49.62632970,41.04739000,1.34922300
49.64680970,41.04739000,1.25919400
49.66728970,36.56117000,1.25919400
49.68776970,36.56117000,1.25919400
49.70824970,32.07495000,1.16946900
49.72872970,32.07495000,1.16946900
49.74920970,27.60399000,1.16946900
49.76968970,27.60399000,1.07944000
49.79016970,23.11777000,1.07944000
49.81064970,23.11777000,1.07944000
49.83112970,18.64681000,0.98941000
49.85160970,18.64681000,0.98941000
49.87208970,14.17585000,0.98941000
49.89256970,14.17585000,0.98941000
49.91304970,9.68962700,0.89968560
49.93352970,9.68962700,0.89968560
49.95400970,9.68962700,0.89968560
49.97448970,5.21866500,0.80965610
49.99496970,5.21866500,0.80965610
50.01544969,0.73244420,0.80965610
